ModelFile;PositionX;PositionY;PositionZ;RotationW;RotationX;RotationY;RotationZ;ScaleFactor;DoodadSet;FileDataID
..\..\..\..\expansion04\doodads\pandaren\baked_misc_2h_shovel_a_01.obj;-23.974754333496094;-8.788091659545898;1.9172929525375366;0.6481519341468811;0.37071624398231506;0.6615129709243774;-0.06977929919958115;1;Set_$DefaultGlobal;656236
..\..\..\..\expansion02\doodads\generic\forsaken\fk_plaguebarrel.obj;31.25266456604004;7.013632774353027;-0.4202333986759186;0.664967954158783;0.7286702990531921;-0.15636901557445526;0.04905105009675026;0.9999999403953552;Set_$DefaultGlobal;194843
..\..\..\..\expansion02\doodads\generic\forsaken\fk_plaguebarrelbroken01.obj;33.4878044128418;-1.2333738803863525;-1.657636046409607;0.9468717575073242;0;-0.3216113746166229;0;1;Set_$DefaultGlobal;194844
..\..\..\..\expansion02\doodads\generic\forsaken\fk_plaguebarrelempty.obj;33.60414505004883;2.8348186016082764;-1.6168441772460938;0.720452606678009;0.041636183857917786;-0.6908902525901794;-0.04341776669025421;1;Set_$DefaultGlobal;194846
..\..\..\..\expansion02\doodads\generic\forsaken\fk_plaguebarrelbroken02.obj;28.69656753540039;4.539181232452393;-2.0021798610687256;0.29016903042793274;0;0;-0.9569754004478455;0.9999999403953552;Set_$DefaultGlobal;194845
..\..\..\..\expansion02\doodads\generic\forsaken\fk_wagon01.obj;32.79130172729492;7.259429931640625;0.0075001185759902;-0.24092456698417664;0.1736914962530136;0.6611419916152954;-0.6889687776565552;1;Set_$DefaultGlobal;194865
..\..\..\..\expansion02\doodads\generic\forsaken\fk_plaguebarrel.obj;33.09097671508789;5.107603549957275;-0.9978652596473694;0.9819020628929138;0.004932059906423092;0.1715427041053772;-0.08010704070329666;1;Set_$DefaultGlobal;194843
..\..\..\..\expansion02\doodads\generic\forsaken\fk_plaguebarrel.obj;32.69905090332031;5.188630104064941;-0.5711517333984375;0.6575229167938232;0.07224219292402267;-0.7351933121681213;-0.14810647070407867;1;Set_$DefaultGlobal;194843
..\..\..\..\expansion02\doodads\generic\forsaken\fk_plaguebarrelempty.obj;30.467214584350586;5.315857887268066;-0.6015756726264954;-0.101310133934021;0.354419469833374;-0.7910791039466858;0.4881771504878998;1;Set_$DefaultGlobal;194846
..\..\..\..\expansion02\doodads\generic\forsaken\fk_plaguebarrelbroken01.obj;28.3038330078125;2.054691791534424;-1.657636046409607;0.603335440158844;0.017937248572707176;0.7100892066955566;-0.36254364252090454;1;Set_$DefaultGlobal;194844
..\..\..\..\generic\undead\passivedoodads\lordaeronbrazier\lordaeronbrazier01.obj;-4.2528300285339355;-81.7114028930664;36.080928802490234;0.9526320099830627;-0.08282927423715591;0.12350151687860489;-0.2652903199195862;0.6787870526313782;Set_$DefaultGlobal;200655
..\..\..\..\generic\undead\passivedoodads\lordaeronbrazier\lordaeronbrazier01.obj;-1.4165263175964355;-73.8468017578125;36.080936431884766;0.93781578540802;-0.13778340816497803;0.05593770369887352;0.31366902589797974;0.6787868738174438;Set_$DefaultGlobal;200655
..\..\..\..\expansion02\doodads\generic\forsaken\fk_plaguebarrelempty.obj;28.367759704589844;17.774520874023438;-1.2100597620010376;-0.42192867398262024;0.031880009919404984;-0.9030774235725403;0.0735599473118782;0.9999999403953552;Set_$DefaultGlobal;194846
..\..\..\..\expansion02\doodads\generic\forsaken\fk_plaguebarrel.obj;45.67714309692383;11.22161865234375;-1.4207979440689087;0.6806985139846802;0.7139973044395447;-0.15526236593723297;0.052449002861976624;1;Set_$DefaultGlobal;194843
..\..\..\..\expansion02\doodads\generic\forsaken\fk_plaguebarrelbroken02.obj;28.085357666015625;15.439263343811035;-2.0021798610687256;0.6819978952407837;0;0;0.7313541173934937;1;Set_$DefaultGlobal;194845
..\..\..\..\expansion02\doodads\generic\forsaken\fk_plaguebarrelbroken01.obj;46.64418411254883;-3.5932633876800537;-1.7157431840896606;0.5750620365142822;0.18949733674526215;-0.08270879089832306;0.791551411151886;1;Set_$DefaultGlobal;194844
..\..\..\..\expansion02\doodads\generic\forsaken\fk_plaguebarrel.obj;41.21603012084961;9.99997329711914;-1.9935928583145142;0.9883272051811218;-0.06402171403169632;-0.0766763910651207;-0.1150272935628891;0.9999999403953552;Set_$DefaultGlobal;194843
..\..\..\..\expansion02\doodads\generic\forsaken\fk_plaguebarrelbroken01.obj;31.657344818115234;15.208260536193848;-1.657636046409607;0.5149397253990173;0.24909919500350952;0.482186883687973;-0.663537859916687;1;Set_$DefaultGlobal;194844
..\..\..\..\expansion02\doodads\generic\forsaken\fk_plaguebarrelbroken02.obj;22.110309600830078;6.082756996154785;-2.0021798610687256;-0.2844029366970062;-0.06930892169475555;0.22639897465705872;-0.9290074110031128;1;Set_$DefaultGlobal;194845
..\..\..\..\generic\undead\passivedoodads\lordaerontowers\undercitytower01.obj;-60.07814025878906;-21.472084045410156;8.144095420837402;0.7372773885726929;0;0;-0.6755902171134949;0.9999998807907104;Set_$DefaultGlobal;200660
..\..\..\..\generic\undead\passivedoodads\lordaerontowers\undercitytower03.obj;-23.972856521606445;-107.2302474975586;13.030558586120605;0.9238795638084412;0;0;-0.3826834261417389;2.3666415214538574;Set_$DefaultGlobal;200662
..\..\..\..\generic\undead\passivedoodads\lordaerontowers\undercitytower01.obj;84.94804382324219;43.08579635620117;8.144095420837402;0.7372773885726929;0;0;-0.6755902171134949;1.087074875831604;Set_$DefaultGlobal;200660
..\..\..\..\generic\undead\passivedoodads\lordaerontowers\undercitytower01.obj;32.587890625;105.31156158447266;-9.016178131103516;0.7372773885726929;0;0;-0.6755902171134949;2.380615711212158;Set_$DefaultGlobal;200660
..\..\..\..\generic\undead\passivedoodads\undercityslimebubbles\undercityslimebubbles01.obj;23.770751953125;4.77397346496582;-1.7636514902114868;0.4733198881149292;0;0;-0.8808906078338623;1.4999998807907104;Set_$DefaultGlobal;200801
..\..\..\..\generic\undead\passivedoodads\undercityslimebubbles\undercityslimebubbles01.obj;36.40210723876953;1.7546318769454956;-1.7636514902114868;0.27144062519073486;0;0;-0.962455153465271;1.5;Set_$DefaultGlobal;200801
..\..\..\..\generic\undead\passivedoodads\undercityslimebubbles\undercityslimebubbles02.obj;29.26657485961914;29.69268798828125;-1.7636514902114868;0.10018809884786606;0;0;-0.9949685335159302;1.5000001192092896;Set_$DefaultGlobal;200802
..\..\..\..\generic\undead\passivedoodads\undercityslimebubbles\undercityslimebubbles01.obj;36.31837844848633;16.90897560119629;-1.7636514902114868;0.8457279205322266;0;0;-0.5336143374443054;1.5;Set_$DefaultGlobal;200801
..\..\..\..\generic\undead\passivedoodads\undercityslimebubbles\undercityslimebubbles02.obj;45.67226028442383;8.14754581451416;-1.7636514902114868;0.2503799498081207;0;0;-0.9681476354598999;1.5000001192092896;Set_$DefaultGlobal;200802
..\..\..\..\generic\undead\passivedoodads\undercityslimebubbles\undercityslimebubbles02.obj;44.88526916503906;-3.4215190410614014;-1.7636514902114868;0.17794352769851685;0;0;-0.9840406775474548;1.5000001192092896;Set_$DefaultGlobal;200802
..\..\..\..\generic\undead\passivedoodads\undercityslimebubbles\undercityslimebubbles02.obj;40.41823196411133;-10.523406982421875;-1.7636514902114868;-0.2756374776363373;0;0;-0.9612616896629333;1.5000001192092896;Set_$DefaultGlobal;200802
..\..\..\..\generic\undead\passivedoodads\lordaerontowers\undercitytower02.obj;-71.95870208740234;-112.44268035888672;2.1218652725219727;0.9990482330322266;0;0;-0.04361934959888458;2.834927797317505;Set_$DefaultGlobal;200661
..\..\..\..\azeroth\duskwood\passivedoodads\tombs\dirtmound01.obj;-29.899797439575195;3.8598971366882324;2.2470669746398926;0.9863306283950806;-0.07964827865362167;0.04169002175331116;-0.13809452950954437;0.9174315333366394;Set_$DefaultGlobal;189528
..\..\..\..\azeroth\westfall\passivedoodads\tombstones\tombstone03.obj;-32.05473709106445;4.525929927825928;2.39888334274292;0.9814386963844299;-0.07143893092870712;0.061759188771247864;-0.16691428422927856;1;Set_$DefaultGlobal;190635
..\..\..\..\azeroth\duskwood\passivedoodads\tombs\dirtmound01.obj;-34.96187210083008;4.833645343780518;2.7681190967559814;0.9905282855033875;-0.08245828002691269;0.05425453186035156;-0.09545011818408966;0.9174311757087708;Set_$DefaultGlobal;189528
..\..\..\..\azeroth\duskwood\passivedoodads\tombs\tombstone08.obj;-36.99345779418945;5.015862464904785;2.7843661308288574;0.9947469234466553;-0.049225449562072754;-0.030051330104470253;-0.08457193523645401;1.1999999284744263;Set_$DefaultGlobal;189535
..\..\..\..\azeroth\westfall\passivedoodads\tombstones\tombstone04.obj;-37.49265670776367;-1.8617485761642456;2.680365800857544;0.9971902370452881;0.054029230028390884;-0.00822887010872364;0.05123204365372658;0.9999998807907104;Set_$DefaultGlobal;190636
..\..\..\..\azeroth\duskwood\passivedoodads\tombs\dirtmound01.obj;-35.28513717651367;-1.688205361366272;2.8475019931793213;0.9977615475654602;0.038309790194034576;-0.013242339715361595;0.053187403827905655;0.9945982694625854;Set_$DefaultGlobal;189528
..\..\..\..\azeroth\duskwood\passivedoodads\tombs\dirtmound01.obj;-34.90323257446289;-5.122073650360107;2.405407428741455;0.9964144825935364;0.06682037562131882;0.02204432152211666;-0.04698149487376213;1.0000001192092896;Set_$DefaultGlobal;189528
..\..\..\..\azeroth\westfall\passivedoodads\tombstones\tombstone02.obj;-37.35786437988281;-5.07090950012207;2.5188581943511963;0.9990708231925964;-0.003447451628744602;-0.02339073084294796;-0.03603535145521164;1.0000001192092896;Set_$DefaultGlobal;190634
..\..\..\..\azeroth\duskwood\passivedoodads\tombs\dirtmound01.obj;-36.0056037902832;-9.270524978637695;2.1722073554992676;0.9967917203903198;0.04780258610844612;0.03130512684583664;-0.056046925485134125;1.0000003576278687;Set_$DefaultGlobal;189528
..\..\..\..\generic\undead\passivedoodads\lordaeronbrazier\lordaeronbrazier01.obj;-41.04509353637695;-28.199949264526367;10.199910163879395;0.9223327040672302;0;0;-0.38639673590660095;1;Set_$DefaultGlobal;200655
..\..\..\..\azeroth\duskwood\passivedoodads\bush\duskwoodbush06.obj;-7.82098388671875;14.965420722961426;-0.9718102216720581;0.494600385427475;-0.03278961405158043;-0.0052355010993778706;-0.8684859871864319;0.7763782739639282;Set_$DefaultGlobal;189400
..\..\..\..\azeroth\duskwood\passivedoodads\bush\duskwoodbush03.obj;-5.98112678527832;15.787137031555176;-1.1305423974990845;0.9110833406448364;0.007518397178500891;0.029148977249860764;-0.41112154722213745;0.3043379783630371;Set_$DefaultGlobal;189397
..\..\..\..\azeroth\duskwood\passivedoodads\bush\duskwoodbush03.obj;10.674092292785645;28.68992805480957;-0.6406911015510559;-0.33840665221214294;-0.0938560739159584;0.048592936247587204;-0.9350458383560181;0.5143159627914429;Set_$DefaultGlobal;189397
..\..\..\..\azeroth\duskwood\passivedoodads\bush\duskwoodbush02.obj;8.09721565246582;26.90285873413086;-0.669145405292511;0.612130880355835;0.0007383975898846984;0.014890935271978378;-0.7906159162521362;0.44010916352272034;Set_$DefaultGlobal;189396
..\..\..\..\azeroth\duskwood\passivedoodads\trees\duskwoodtreestump01.obj;-31.553260803222656;-0.824449360370636;2.891040325164795;0.8686406016349792;0.045364633202552795;0.03587624058127403;0.49205532670021057;0.07123436033725739;Set_$DefaultGlobal;189566
..\..\..\..\azeroth\duskwood\passivedoodads\bush\duskwoodbush06.obj;-29.68121337890625;0.0708550363779068;2.6711697578430176;0.6468101143836975;0.09098571538925171;0.011578145436942577;0.7571157217025757;0.7484865188598633;Set_$DefaultGlobal;189400
..\..\..\..\azeroth\duskwood\passivedoodads\bush\duskwoodbush02.obj;-32.990962982177734;1.0747307538986206;2.8442721366882324;0.6497278213500977;-0.03950456157326698;0.0573042668402195;-0.7569738030433655;0.44041916728019714;Set_$DefaultGlobal;189396
..\..\..\..\azeroth\duskwood\passivedoodads\bush\duskwoodbush06.obj;-47.56700897216797;9.38199234008789;0.7508426308631897;0.8881478905677795;0.02775593101978302;-0.04080531746149063;-0.45690032839775085;0.6126860976219177;Set_$DefaultGlobal;189400
..\..\..\..\azeroth\duskwood\passivedoodads\bush\duskwoodbush03.obj;-49.36147689819336;9.319902420043945;0.9128130078315735;0.5940864086151123;-0.0011556000681594014;-0.1853560507297516;-0.782753586769104;0.3959767520427704;Set_$DefaultGlobal;189397
..\..\..\..\azeroth\duskwood\passivedoodads\bush\duskwoodbush02.obj;-42.159950256347656;10.256829261779785;1.0406036376953125;0.6263986825942993;0.00046654243487864733;-0.12078788131475449;-0.770087480545044;0.4609561860561371;Set_$DefaultGlobal;189396
..\..\..\..\generic\human\passivedoodads\lamps\westernplaguelandslampostbroken02.obj;17.1817626953125;41.7664680480957;-1.1278975009918213;0.36235183477401733;0.020331647247076035;0.007906544953584671;-0.931786060333252;1;Set_$DefaultGlobal;198322
..\..\..\..\generic\human\passivedoodads\lamps\westernplaguelandslampostbroken02.obj;-19.15254783630371;43.04925537109375;-0.6553022861480713;0.6851794123649597;0.018283650279045105;0.004482439253479242;0.7281310558319092;1.0500001907348633;Set_$DefaultGlobal;198322
..\..\..\..\azeroth\duskwood\passivedoodads\bush\duskwoodbush06.obj;-38.25954055786133;-3.5765583515167236;2.508021116256714;0.8905355930328369;-0.06513553857803345;-0.07775551825761795;0.443461149930954;0.5249955058097839;Set_$DefaultGlobal;189400
..\..\..\..\azeroth\westfall\passivedoodads\tombstones\tombstone04.obj;-24.259180068969727;2.148973226547241;1.8732283115386963;0.996818482875824;-0.041035544127225876;-0.011818338185548782;0.06730018556118011;1;Set_$DefaultGlobal;190636
..\..\..\..\azeroth\duskwood\passivedoodads\tombs\dirtmound01.obj;-22.35394287109375;-0.4669698178768158;1.6478203535079956;0.9972407817840576;0.03829898312687874;0.060808535665273666;0.01861053891479969;0.917431116104126;Set_$DefaultGlobal;189528
..\..\..\..\azeroth\duskwood\passivedoodads\tombs\tombstone08.obj;-24.228397369384766;-0.5302056074142456;1.8562570810317993;0.9943326711654663;-0.007522123865783215;0.08981767296791077;-0.05638027936220169;1;Set_$DefaultGlobal;189535
..\..\..\..\azeroth\duskwood\passivedoodads\tombs\dirtmound01.obj;-21.75838851928711;2.580976724624634;1.5055423974990845;0.993043065071106;-0.0725923553109169;0.07195405662059784;0.05846746638417244;1.0642204284667969;Set_$DefaultGlobal;189528
..\..\..\..\azeroth\westfall\passivedoodads\tombstones\tombstone02.obj;-25.02823257446289;-4.568552494049072;1.5928751230239868;0.9859083294868469;0.10401549190282822;0.008016458712518215;-0.1307717263698578;1;Set_$DefaultGlobal;190634
..\..\..\..\azeroth\duskwood\passivedoodads\tombs\dirtmound01.obj;-23.539453506469727;-8.150383949279785;0.6810150146484375;0.9930212497711182;0.056997183710336685;0.09303932636976242;-0.04476437345147133;0.9174312353134155;Set_$DefaultGlobal;189528
..\..\..\..\azeroth\westfall\passivedoodads\tombstones\tombstone03.obj;-25.760122299194336;-7.86932373046875;1.0719571113586426;0.9946022629737854;0.05237611383199692;0.033971238881349564;-0.08287999033927917;1;Set_$DefaultGlobal;190635
..\..\..\..\azeroth\duskwood\passivedoodads\tombs\dirtmound01.obj;-22.65835952758789;-5.097171306610107;1.2019331455230713;0.9845311045646667;0.058089595288038254;0.07539752125740051;-0.14710299670696259;0.9999999403953552;Set_$DefaultGlobal;189528
..\..\..\..\azeroth\duskwood\passivedoodads\bush\duskwoodbush06.obj;-26.616174697875977;-6.5748291015625;1.6821255683898926;0.7724023461341858;0.046138763427734375;0.12466436624526978;-0.6210672855377197;0.612686038017273;Set_$DefaultGlobal;189400
..\..\..\..\azeroth\duskwood\passivedoodads\bush\duskwoodbush02.obj;-23.80668830871582;-2.630523681640625;1.6885308027267456;0.6705237627029419;-0.07541004568338394;0.03107822686433792;-0.73739093542099;0.4609561562538147;Set_$DefaultGlobal;189396
..\..\..\..\generic\undead\passivedoodads\furniture\lordaeron_bench_02.obj;-4.654574871063232;4.58059024810791;-0.6266394853591919;0.6763835549354553;-0.07404545694589615;-0.07974705845117569;-0.7284662127494812;1.5980473756790161;Set_$DefaultGlobal;200653
..\..\..\..\azeroth\duskwood\passivedoodads\bush\duskwoodbush03.obj;15.42132568359375;-43.60469055175781;-1.0848524570465088;0.008712590672075748;-0.0027403689455240965;0.00440216762945056;-0.9999486207962036;0.6188119649887085;Set_$DefaultGlobal;189397
..\..\..\..\azeroth\duskwood\passivedoodads\bush\duskwoodbush02.obj;13.123440742492676;-46.55342102050781;-1.2329678535461426;0.6292034983634949;0.00041392113780602813;0.014903472736477852;-0.7770975828170776;0.5295281410217285;Set_$DefaultGlobal;189396
..\..\..\..\azeroth\duskwood\passivedoodads\bush\duskwoodbush03.obj;-9.18278694152832;-43.41804504394531;-1.2611541748046875;0.9172468185424805;0.04086805880069733;0.048082612454891205;0.39328888058662415;0.3786516487598419;Set_$DefaultGlobal;189397
..\..\..\..\azeroth\duskwood\passivedoodads\bush\duskwoodbush06.obj;-8.4449462890625;-46.045875549316406;-1.3242628574371338;0.974190354347229;0.014476830139756203;0.024518324062228203;-0.22392503917217255;0.9659554958343506;Set_$DefaultGlobal;189400
..\..\..\..\azeroth\duskwood\passivedoodads\bush\duskwoodbush02.obj;-7.589674472808838;-26.39109230041504;-0.7930704951286316;-0.013760176487267017;-0.006284601986408234;0.011766351759433746;-0.999816358089447;0.3996584713459015;Set_$DefaultGlobal;189396
..\..\..\..\azeroth\duskwood\passivedoodads\bush\duskwoodbush06.obj;9.8516845703125;-17.878883361816406;-1.024749755859375;0.7724024057388306;0.046138763427734375;0.12466433644294739;-0.6210672855377197;0.39989301562309265;Set_$DefaultGlobal;189400
..\..\..\..\azeroth\duskwood\passivedoodads\bush\duskwoodbush06.obj;8.583659172058105;-18.478973388671875;-0.8482479453086853;0.593126118183136;-0.019148677587509155;-0.019632380455732346;0.804642379283905;0.2668338716030121;Set_$DefaultGlobal;189400
..\..\..\..\azeroth\duskwood\passivedoodads\bush\duskwoodbush06.obj;-8.137661933898926;-24.6512393951416;-0.6635725498199463;0.20454980432987213;0.11464977264404297;0.06727121025323868;-0.9697883129119873;0.3053550720214844;Set_$DefaultGlobal;189400
..\..\..\..\azeroth\duskwood\passivedoodads\bush\duskwoodbush06.obj;-8.376004219055176;-20.356441497802734;-0.8728671669960022;0.593126118183136;-0.019148677587509155;-0.019632380455732346;0.804642379283905;0.2668338716030121;Set_$DefaultGlobal;189400
..\..\..\..\generic\undead\passivedoodads\furniture\lordaeron_bench_01.obj;3.0253703594207764;4.388546466827393;-0.5527869462966919;0.6949480772018433;-0.110860176384449;-0.11192004382610321;-0.7015917897224426;1.6633352041244507;Set_$DefaultGlobal;200652
..\..\..\..\azeroth\duskwood\passivedoodads\bush\duskwoodbush03.obj;-10.49057674407959;4.431131839752197;-0.8241780400276184;0.5538263916969299;0.008561871945858002;0.0033336093183606863;0.8325814604759216;0.561126172542572;Set_$DefaultGlobal;189397
..\..\..\..\azeroth\duskwood\passivedoodads\bush\duskwoodbush06.obj;-8.117451667785645;5.769270420074463;-0.8579237461090088;0.8949342966079712;0;0;0.4461979269981384;0.8015427589416504;Set_$DefaultGlobal;189400
..\..\..\..\azeroth\duskwood\passivedoodads\bush\duskwoodbush02.obj;7.678249835968018;4.997066974639893;-0.9406806230545044;0.4984356462955475;0.02260737679898739;0.017246825620532036;-0.8664602637290955;0.41242173314094543;Set_$DefaultGlobal;189396
..\..\..\..\azeroth\duskwood\passivedoodads\bush\duskwoodbush02.obj;9.98499870300293;17.04050636291504;-1.233349323272705;0.7406414747238159;0.014924596063792706;0.019401172176003456;0.6714544296264648;0.5295282006263733;Set_$DefaultGlobal;189396
..\..\..\..\azeroth\duskwood\passivedoodads\bush\duskwoodbush03.obj;8.055596351623535;13.8482666015625;-1.0099843740463257;0.9974239468574524;0.006763244513422251;0.031093982979655266;0.06428791582584381;0.618811845779419;Set_$DefaultGlobal;189397
..\..\..\..\azeroth\duskwood\passivedoodads\bush\duskwoodbush02.obj;8.853007316589355;50.15752410888672;-1.2364332675933838;0.6321286559104919;-0.012377561070024967;0.004973879549652338;-0.7747486233711243;0.5233927965164185;Set_$DefaultGlobal;189396
..\..\..\..\azeroth\duskwood\passivedoodads\bush\duskwoodbush06.obj;6.666680335998535;49.56644058227539;-1.106937050819397;0.7800621390342712;0.04458572342991829;0.1252281665802002;-0.6114189028739929;0.39989298582077026;Set_$DefaultGlobal;189400
..\..\..\..\azeroth\duskwood\passivedoodads\bush\duskwoodbush06.obj;8.269768714904785;39.2648811340332;-0.6635725498199463;0.7724024057388306;0.046138763427734375;0.12466433644294739;-0.6210672855377197;0.39989301562309265;Set_$DefaultGlobal;189400
..\..\..\..\azeroth\duskwood\passivedoodads\bush\duskwoodbush06.obj;7.001736164093018;38.66478729248047;-0.4870724081993103;0.593126118183136;-0.019148677587509155;-0.019632380455732346;0.804642379283905;0.2668338716030121;Set_$DefaultGlobal;189400
..\..\..\..\azeroth\westfall\passivedoodads\tombstones\tombstone04.obj;-30.25642967224121;-2.8245882987976074;2.419438600540161;0.996675968170166;0.018162844702601433;0.039817895740270615;0.06871435791254044;1.0000001192092896;Set_$DefaultGlobal;190636
..\..\..\..\azeroth\westfall\passivedoodads\tombstones\tombstone03.obj;-31.556148529052734;-10.687259674072266;1.6791534423828125;0.9934907555580139;0.004960500169545412;0.07394130527973175;-0.08651178330183029;1;Set_$DefaultGlobal;190635
..\..\..\..\azeroth\duskwood\passivedoodads\bush\duskwoodbush02.obj;-30.32489776611328;-11.13990592956543;1.5541245937347412;0.42700397968292236;-0.061803679913282394;0.0480099655687809;-0.9008567929267883;0.1363755464553833;Set_$DefaultGlobal;189396
..\..\..\..\azeroth\duskwood\passivedoodads\bush\duskwoodbush06.obj;-31.943002700805664;-11.368680000305176;1.8087819814682007;0.5589966773986816;0.020622368901968002;0.017699873074889183;-0.8287244439125061;0.18126536905765533;Set_$DefaultGlobal;189400
..\..\..\..\azeroth\duskwood\passivedoodads\bush\duskwoodbush06.obj;-31.323944091796875;-8.770291328430176;1.7701094150543213;0.8390709757804871;0.09041930735111237;-0.015388316474854946;0.5362345576286316;0.2214423567056656;Set_$DefaultGlobal;189400
..\..\..\..\azeroth\duskwood\passivedoodads\bush\duskwoodbush06.obj;-41.73360061645508;23.86190414428711;-1.06174898147583;0.893726646900177;-0.04883857071399689;-0.04166816920042038;0.4439946711063385;0.8015426993370056;Set_$DefaultGlobal;189400
..\..\..\..\azeroth\duskwood\passivedoodads\bush\duskwoodbush03.obj;-43.391380310058594;21.68288803100586;-1.3277791738510132;0.5528186559677124;-0.047718595713377;0.025597911328077316;0.8315402865409851;0.5611259937286377;Set_$DefaultGlobal;189397
..\..\..\..\azeroth\duskwood\passivedoodads\bush\duskwoodbush02.obj;-39.23604202270508;21.49372100830078;-0.5319960117340088;0.9946027398109436;-0.03691716119647026;-0.028726253658533096;0.09261369705200195;0.4124216139316559;Set_$DefaultGlobal;189396
..\..\..\..\azeroth\duskwood\passivedoodads\bush\duskwoodbush03.obj;-21.53070831298828;44.24874496459961;-1.0099843740463257;0.9564382433891296;0.02253178507089615;0.023916073143482208;-0.29007968306541443;0.618811845779419;Set_$DefaultGlobal;189397
..\..\..\..\azeroth\duskwood\passivedoodads\bush\duskwoodbush02.obj;-17.97745704650879;45.38337707519531;-1.1842583417892456;0.929547905921936;-0.016233105212450027;-0.0030857909005135298;0.3683308959007263;0.5295283794403076;Set_$DefaultGlobal;189396
..\..\..\..\azeroth\duskwood\passivedoodads\bush\duskwoodbush03.obj;-30.56219482421875;47.35497283935547;-1.0570305585861206;-0.4788138270378113;0.02916734106838703;-0.015604536049067974;-0.877293050289154;0.39597687125205994;Set_$DefaultGlobal;189397
..\..\..\..\azeroth\duskwood\passivedoodads\bush\duskwoodbush06.obj;-29.580270767211914;48.296875;-0.8735792636871338;0.16705909371376038;-0.02311343140900135;-0.09775398671627045;-0.9808166027069092;0.612686276435852;Set_$DefaultGlobal;189400
..\..\..\..\generic\undead\passivedoodads\lordaeronbrazier\lordaeronbrazier01.obj;-50.60662078857422;-18.638416290283203;10.199910163879395;0.9223327040672302;0;0;-0.38639673590660095;1;Set_$DefaultGlobal;200655
..\..\..\..\generic\undead\passivedoodads\lordaeronbrazier\lordaeronbrazier01.obj;-21.75870132446289;-47.486331939697266;10.199910163879395;0.9223327040672302;0;0;-0.38639673590660095;1;Set_$DefaultGlobal;200655
..\..\..\..\generic\undead\passivedoodads\lordaeronbrazier\lordaeronbrazier01.obj;-17.3885498046875;-51.85648727416992;10.199910163879395;0.9223327040672302;0;0;-0.38639673590660095;1;Set_$DefaultGlobal;200655
..\..\..\..\azeroth\duskwood\passivedoodads\tombs\tombstone08.obj;-18.688432693481445;-0.4956868588924408;1.1342841386795044;0.9943326711654663;-0.007522123865783215;0.08981767296791077;-0.05638027936220169;1;Set_$DefaultGlobal;189535
..\..\..\..\azeroth\westfall\passivedoodads\tombstones\tombstone03.obj;-18.732492446899414;-4.870748043060303;0.6073252558708191;0.9946022629737854;0.05237611383199692;0.033971238881349564;-0.08287999033927917;1;Set_$DefaultGlobal;190635
..\..\..\..\azeroth\duskwood\passivedoodads\bush\duskwoodbush03.obj;28.85923194885254;-41.60551452636719;-1.5320926904678345;0.9180234670639038;0.0030851848423480988;-0.05187152326107025;0.39310652017593384;0.9999997019767761;Set_$DefaultGlobal;189397
..\..\..\..\azeroth\duskwood\passivedoodads\bush\duskwoodbush02.obj;22.09591293334961;-40.18922805786133;-1.4289822578430176;0.9446974396705627;-0.047958098351955414;0.0025326788891106844;-0.3244077265262604;0.7697047591209412;Set_$DefaultGlobal;189396
..\..\..\..\azeroth\duskwood\passivedoodads\trees\duskwoodtreestump01.obj;25.83390998840332;-40.26958465576172;-0.6943935751914978;0.8849876523017883;0;0;-0.46561452746391296;0.23620566725730896;Set_$DefaultGlobal;189566
..\..\..\..\azeroth\duskwood\passivedoodads\bush\duskwoodbush06.obj;29.51141357421875;-44.39810562133789;-1.1877152919769287;0.7253744602203369;0;0;-0.6883544921875;1.162878394126892;Set_$DefaultGlobal;189400
..\..\..\..\azeroth\duskwood\passivedoodads\bush\duskwoodbush06.obj;42.12331008911133;-19.57125473022461;-1.3298916816711426;-0.411308616399765;0.05276230350136757;0.010396226309239864;-0.9099083542823792;0.8945221900939941;Set_$DefaultGlobal;189400
..\..\..\..\azeroth\duskwood\passivedoodads\bush\duskwoodbush03.obj;41.93415832519531;-24.96258544921875;-1.6392771005630493;0.9752363562583923;-0.006644271779805422;-0.05153665691614151;0.2149742692708969;0.9900988340377808;Set_$DefaultGlobal;189397
..\..\..\..\azeroth\duskwood\passivedoodads\trees\duskwoodtreestump01.obj;37.21361541748047;-25.92377471923828;-1.52866792678833;0.6346285939216614;-0.009317361749708652;-0.049692217260599136;-0.7711617350578308;0.13277579843997955;Set_$DefaultGlobal;189566
..\..\..\..\azeroth\westfall\passivedoodads\tombstones\tombstone01.obj;-42.09202194213867;1.8122490644454956;2.354834794998169;0.020229261368513107;0.055989306420087814;-0.018706707283854485;-0.998051106929779;1;Set_$DefaultGlobal;190633
..\..\..\..\azeroth\duskwood\passivedoodads\tombs\tombstonemonument02.obj;-49.45469284057617;-11.755866050720215;-1.4142812490463257;0.24366816878318787;0;0;-0.9698586463928223;1.7500003576278687;Set_$DefaultGlobal;189538
..\..\..\..\azeroth\duskwood\passivedoodads\tombs\tombstonemonument01.obj;-44.189361572265625;6.004428386688232;0.54876708984375;0.9530102610588074;-0.05138137936592102;-0.05383796617388725;-0.2936544418334961;1.7500001192092896;Set_$DefaultGlobal;189536
..\..\..\..\azeroth\duskwood\passivedoodads\tombs\tombstone06.obj;-24.38387680053711;6.70169734954834;0.9808383584022522;0.33580365777015686;-0.05988346412777901;-0.07670613378286362;-0.9368917346000671;1;Set_$DefaultGlobal;189532
..\..\..\..\azeroth\duskwood\passivedoodads\tombs\tombstone07.obj;-38.42258834838867;-9.222392082214355;2.13041353225708;0.9984396696090698;0.02974831312894821;-0.03190115839242935;0.0348663292825222;1.0000001192092896;Set_$DefaultGlobal;189534
..\..\..\..\azeroth\duskwood\passivedoodads\tombs\tombstone06.obj;-35.75654983520508;-13.18759536743164;1.3939141035079956;0.380359947681427;0.017831161618232727;0.05141879618167877;-0.9232358932495117;1;Set_$DefaultGlobal;189532
..\..\..\..\azeroth\duskwood\passivedoodads\tombs\tombstone07.obj;-34.96317672729492;9.027533531188965;2.0763161182403564;0.9733740091323853;-0.053441815078258514;0.00777452765032649;-0.22277021408081055;0.9999998211860657;Set_$DefaultGlobal;189534
..\..\..\..\azeroth\duskwood\passivedoodads\bush\duskwoodbush06.obj;-33.97683334350586;9.530694007873535;1.8408695459365845;0.6130023002624512;-0.07847844064235687;-0.05947210639715195;-0.7839211821556091;0.6126860976219177;Set_$DefaultGlobal;189400
..\..\..\..\azeroth\duskwood\passivedoodads\bush\duskwoodbush06.obj;-40.9083251953125;3.2604572772979736;2.508021116256714;0.9764714241027832;-0.09901002794504166;-0.02203560806810856;-0.19030237197875977;0.5249956846237183;Set_$DefaultGlobal;189400
..\..\..\..\azeroth\duskwood\passivedoodads\bush\duskwoodbush06.obj;-51.02568817138672;-8.99859619140625;-0.8899773359298706;0.9168164730072021;-0.02539467066526413;-0.06335587799549103;0.39343196153640747;0.612686276435852;Set_$DefaultGlobal;189400
..\..\..\..\azeroth\westfall\passivedoodads\tombstones\tombstone03.obj;-52.43108367919922;-7.649332523345947;-1.2510324716567993;-0.14008300006389618;0.09827683866024017;0.037704385817050934;-0.9845287203788757;0.9999998211860657;Set_$DefaultGlobal;190635
..\..\..\..\azeroth\duskwood\passivedoodads\bush\duskwoodbush02.obj;-50.13010025024414;-15.072757720947266;-1.2557779550552368;0.29438072443008423;-0.047680120915174484;-0.00262162322178483;-0.9544944763183594;0.4609562158584595;Set_$DefaultGlobal;189396
..\..\..\..\azeroth\duskwood\passivedoodads\bush\duskwoodbush06.obj;-47.29734420776367;3.3118624687194824;1.4833866357803345;0.8881478309631348;0.027755949646234512;-0.04080529138445854;-0.45690038800239563;0.4857865273952484;Set_$DefaultGlobal;189400
..\..\..\..\azeroth\duskwood\passivedoodads\bush\duskwoodbush06.obj;-46.0306282043457;3.3801167011260986;1.8514913320541382;-0.017176782712340355;-0.024330176413059235;-0.042936068028211594;-0.9986338019371033;0.30549249053001404;Set_$DefaultGlobal;189400
..\..\..\..\azeroth\duskwood\passivedoodads\tombs\tombstone07.obj;-29.108768463134766;8.863545417785645;1.524658203125;0.9879276752471924;-0.052625589072704315;-0.012125219218432903;0.14519773423671722;0.9999998211860657;Set_$DefaultGlobal;189534
..\..\..\..\azeroth\duskwood\passivedoodads\bush\duskwoodbush06.obj;-28.953407287597656;9.665371894836426;1.608695149421692;0.6468101143836975;0.0909857228398323;0.011578153818845749;0.7571157217025757;0.2637140452861786;Set_$DefaultGlobal;189400
..\..\..\..\azeroth\duskwood\passivedoodads\bush\duskwoodbush06.obj;-28.61570930480957;8.426093101501465;1.608695149421692;0.9956969618797302;0.06871623545885086;-0.060749784111976624;0.013235470280051231;0.1462620347738266;Set_$DefaultGlobal;189400
..\..\..\..\lordaeron\arathi\passivedoodads\bushes\arathiplant02.obj;-22.52689552307129;-17.00101661682129;-27.777780532836914;0.9238795638084412;0;0;-0.3826834261417389;1;Set_$DefaultGlobal;203645
..\..\..\..\lordaeron\arathi\passivedoodads\bushes\arathiplant02.obj;-34.436763763427734;-1.6056382656097412;2.9589877128601074;0.9881543517112732;0.07182536274194717;-0.003779216203838587;0.13556499779224396;0.6062328815460205;Set_$DefaultGlobal;203645
..\..\..\..\lordaeron\arathi\passivedoodads\bushes\arathiplant02.obj;-42.9324836730957;8.55794620513916;1.525421142578125;0.2685594856739044;-0.012562409974634647;-0.09408668428659439;-0.9585748314857483;0.8520848155021667;Set_$DefaultGlobal;203645
..\..\..\..\lordaeron\arathi\passivedoodads\bushes\arathiplant02.obj;-33.598838806152344;1.2687445878982544;3.0970120429992676;0.9977301359176636;0.007664386183023453;0.06228118762373924;0.02443111501634121;0.39254137873649597;Set_$DefaultGlobal;203645
..\..\..\..\lordaeron\arathi\passivedoodads\bushes\arathiplant02.obj;-30.60361099243164;0.3155042827129364;2.708958864212036;0.048086944967508316;-0.06208183616399765;0.009139317087829113;-0.9968701004981995;0.5672881007194519;Set_$DefaultGlobal;203645
..\..\..\..\lordaeron\arathi\passivedoodads\bushes\arathiplant02.obj;-23.44615364074707;6.607801914215088;0.9638129472732544;0.8299688100814819;-0.05018799006938934;0.11329979449510574;0.5438713431358337;0.5755517482757568;Set_$DefaultGlobal;203645
..\..\..\..\lordaeron\arathi\passivedoodads\bushes\arathiplant02.obj;-16.022756576538086;0.20440673828125;0.0629153773188591;0.9358769059181213;-0.02126096375286579;0.0763656422495842;-0.3432939350605011;0.7044954299926758;Set_$DefaultGlobal;203645
..\..\..\..\lordaeron\arathi\passivedoodads\bushes\arathiplant02.obj;-23.951465606689453;1.115604043006897;1.9434068202972412;0.9013552665710449;-0.019147586077451706;0.05433611944317818;-0.4292314648628235;0.7552402019500732;Set_$DefaultGlobal;203645
..\..\..\..\lordaeron\arathi\passivedoodads\bushes\arathiplant02.obj;-22.28714942932129;-7.72385311126709;0.6660071611404419;0.6583607196807861;0.12445660680532455;-0.044154368340969086;0.7410277128219604;0.4562191367149353;Set_$DefaultGlobal;203645
..\..\..\..\lordaeron\arathi\passivedoodads\bushes\arathiplant02.obj;-32.98772048950195;-10.130353927612305;1.9151848554611206;0.06702825427055359;-0.06505940854549408;0.026060517877340317;-0.9952865839004517;0.3541940748691559;Set_$DefaultGlobal;203645
..\..\..\..\lordaeron\arathi\passivedoodads\bushes\arathiplant02.obj;-27.36124610900879;-4.798821449279785;2.0535075664520264;0.9909594058990479;0.11411546170711517;0.06645834445953369;-0.02367142029106617;0.4858928918838501;Set_$DefaultGlobal;203645
..\..\..\..\lordaeron\arathi\passivedoodads\bushes\arathiplant02.obj;-35.87936782836914;-3.978620767593384;2.633594036102295;0.4582273066043854;0.027582144364714622;0.06642583757638931;-0.8859201669692993;0.3060452938079834;Set_$DefaultGlobal;203645
..\..\..\..\lordaeron\arathi\passivedoodads\bushes\arathiplant02.obj;-31.325830459594727;-1.6835904121398926;2.77504825592041;-0.1725250631570816;-0.06257103383541107;-0.004750367719680071;-0.9830042719841003;0.45993733406066895;Set_$DefaultGlobal;203645
..\..\..\..\lordaeron\arathi\passivedoodads\bushes\arathiplant02.obj;-22.76896095275879;0.927781879901886;1.8049689531326294;0.9796189069747925;0.01700267195701599;0.05504504591226578;0.19242580235004425;0.4998006820678711;Set_$DefaultGlobal;203645
..\..\..\..\lordaeron\arathi\passivedoodads\bushes\arathiplant02.obj;-40.13788604736328;-8.481438636779785;2.0085840225219727;0.9007272720336914;0.11372217535972595;-0.03666120022535324;-0.4176284968852997;0.32164475321769714;Set_$DefaultGlobal;203645
..\..\..\..\lordaeron\arathi\passivedoodads\bushes\arathiplant02.obj;-49.46159744262695;-5.845221519470215;0.279473215341568;0.8534544110298157;0.1982080042362213;-0.07231628149747849;-0.4765496551990509;0.31588709354400635;Set_$DefaultGlobal;203645
..\..\..\..\lordaeron\arathi\passivedoodads\bushes\arathiplant02.obj;-9.228970527648926;13.605435371398926;-1.0203739404678345;0.9819631576538086;0;0;0.18907229602336884;0.5592272877693176;Set_$DefaultGlobal;203645
..\..\..\..\lordaeron\arathi\passivedoodads\bushes\arathiplant02.obj;-34.67393493652344;15.48300552368164;1.3077239990234375;0.9620687365531921;-0.09896380454301834;0.02646332047879696;0.25284308195114136;0.4587065577507019;Set_$DefaultGlobal;203645
..\..\..\..\lordaeron\arathi\passivedoodads\bushes\arathiplant02.obj;-23.656766891479492;-0.4272834062576294;1.8906623125076294;0.5963771343231201;0.049573078751564026;0.02935216762125492;0.8006342649459839;0.5955483913421631;Set_$DefaultGlobal;203645
..\..\..\..\lordaeron\arathi\passivedoodads\bushes\arathiplant02.obj;-21.85055160522461;-9.20803165435791;0.2751956582069397;0.037731416523456573;-0.10408225655555725;-0.003927329555153847;-0.9938449859619141;0.3497491478919983;Set_$DefaultGlobal;203645
..\..\..\..\lordaeron\arathi\passivedoodads\bushes\arathiplant02.obj;-35.515384674072266;7.068081378936768;2.5049405097961426;0.9747716784477234;-0.09086515009403229;0.04942653700709343;-0.1977895349264145;0.5294950604438782;Set_$DefaultGlobal;203645
..\..\..\..\lordaeron\arathi\passivedoodads\bushes\arathiplant02.obj;-41.37522506713867;0.7367824912071228;2.5663044452667236;0.36042073369026184;0.0940452516078949;-0.032316457480192184;-0.9274740219116211;0.8364750742912292;Set_$DefaultGlobal;203645
..\..\..\..\lordaeron\arathi\passivedoodads\bushes\arathiplant02.obj;-33.50899124145508;0.3735860288143158;3.074690103530884;0.9902215003967285;0.013885830529034138;0.061195388436317444;0.12459401041269302;0.8960645198822021;Set_$DefaultGlobal;203645
..\..\..\..\lordaeron\arathi\passivedoodads\bushes\arathiplant02.obj;-41.438194274902344;2.822394609451294;2.43941593170166;0.8413941860198975;-0.06391316652297974;0.029053017497062683;0.53584223985672;0.8682730197906494;Set_$DefaultGlobal;203645
..\..\..\..\lordaeron\arathi\passivedoodads\bushes\arathiplant02.obj;-40.98932647705078;3.7165324687957764;2.3786959648132324;0.6877930760383606;-0.10365195572376251;-0.008734111674129963;0.7184154391288757;0.9118511080741882;Set_$DefaultGlobal;203645
..\..\..\..\lordaeron\arathi\passivedoodads\bushes\arathiplant02.obj;-33.200321197509766;2.3384671211242676;2.9311015605926514;0.9952768087387085;-0.07458870112895966;0.06179257482290268;-0.006504067685455084;0.8941065669059753;Set_$DefaultGlobal;203645
..\..\..\..\lordaeron\arathi\passivedoodads\bushes\arathiplant02.obj;-39.62267303466797;9.79062271118164;1.648795247077942;0.9392743110656738;-0.0646001324057579;-0.10195963084697723;-0.32123956084251404;0.819421648979187;Set_$DefaultGlobal;203645
..\..\..\..\lordaeron\arathi\passivedoodads\bushes\arathiplant02.obj;-48.14079666137695;4.09605598449707;1.6197645664215088;0.7071677446365356;-0.016492033377289772;-0.01801052689552307;0.7066239714622498;0.6339753270149231;Set_$DefaultGlobal;203645
..\..\..\..\lordaeron\arathi\passivedoodads\bushes\arathiplant02.obj;-38.66360855102539;-2.7132534980773926;2.61248779296875;0.6730223894119263;0.009410086087882519;-0.001486323424614966;-0.7395607829093933;0.4542757272720337;Set_$DefaultGlobal;203645
..\..\..\..\lordaeron\arathi\passivedoodads\bushes\arathiplant02.obj;-45.254756927490234;10.185224533081055;1.1526540517807007;0.021305713802576065;0.011271328665316105;-0.09425004571676254;-0.9952567219734192;0.4890882074832916;Set_$DefaultGlobal;203645
..\..\..\..\lordaeron\arathi\passivedoodads\bushes\arathiplant02.obj;-28.412240982055664;-6.840040683746338;1.8036600351333618;0.9605028629302979;0.06752704083919525;0.10121670365333557;-0.25025907158851624;0.6231691241264343;Set_$DefaultGlobal;203645
..\..\..\..\lordaeron\arathi\passivedoodads\bushes\arathiplant02.obj;-49.0314826965332;-8.949809074401855;-0.5122138261795044;0.026255406439304352;0.16036401689052582;-0.08592766523361206;-0.982960045337677;0.6665893197059631;Set_$DefaultGlobal;203645
..\..\..\..\lordaeron\arathi\passivedoodads\bushes\arathiplant02.obj;-16.29176139831543;-17.057254791259766;-0.6767238974571228;0.6360341310501099;0.08005127310752869;-0.02899804152548313;0.766949474811554;0.33001744747161865;Set_$DefaultGlobal;203645
..\..\..\..\lordaeron\arathi\passivedoodads\bushes\arathiplant02.obj;-22.57016944885254;-10.32079029083252;0.4143693745136261;0.6244860887527466;-0.062226202338933945;0.042671848088502884;-0.7773829102516174;0.31583330035209656;Set_$DefaultGlobal;203645
..\..\..\..\lordaeron\arathi\passivedoodads\bushes\arathiplant02.obj;-32.18692398071289;-11.001545906066895;1.7962205410003662;0.6183910369873047;0.0657176747918129;0.024353263899683952;0.7827392220497131;0.4825742244720459;Set_$DefaultGlobal;203645
..\..\..\..\lordaeron\arathi\passivedoodads\bushes\arathiplant02.obj;-54.91984939575195;9.933796882629395;-0.863969624042511;0.5405158400535583;0.0723627582192421;-0.13939057290554047;-0.8265449404716492;0.4667344093322754;Set_$DefaultGlobal;203645
..\..\..\..\lordaeron\arathi\passivedoodads\bushes\arathiplant02.obj;-35.92625045776367;9.508660316467285;2.21370792388916;-0.11693279445171356;-0.05801935866475105;-0.07658779621124268;-0.9884810447692871;0.4037576913833618;Set_$DefaultGlobal;203645
..\..\..\..\lordaeron\arathi\passivedoodads\bushes\arathiplant02.obj;-11.887688636779785;6.595987796783447;-1.30999755859375;0.9287536144256592;-0.16158410906791687;0.05026773735880852;-0.3298187851905823;0.877810001373291;Set_$DefaultGlobal;203645
..\..\..\..\lordaeron\arathi\passivedoodads\bushes\arathiplant02.obj;-13.521867752075195;17.53965187072754;-0.973710834980011;0.9735131859779358;-0.01842486672103405;0.10222320258617401;-0.20367391407489777;0.48434916138648987;Set_$DefaultGlobal;203645
..\..\..\..\azeroth\duskwood\passivedoodads\bush\duskwoodbush02.obj;19.45945930480957;12.238980293273926;-1.8501756191253662;0.7401203513145447;-0.0018586106598377228;0.014792914502322674;-0.6723092198371887;0.4401090443134308;Set_$DefaultGlobal;189396
..\..\..\..\azeroth\duskwood\passivedoodads\bush\duskwoodbush03.obj;21.26971435546875;14.799614906311035;-1.8217214345932007;-0.17089654505252838;-0.10086830705404282;0.031556788831949234;-0.9796040654182434;0.5143157839775085;Set_$DefaultGlobal;189397
..\..\..\..\azeroth\duskwood\passivedoodads\bush\duskwoodbush06.obj;24.68939971923828;30.26515769958496;-1.3795064687728882;0.9210936427116394;-0.022826584056019783;-0.02411465160548687;-0.38792258501052856;0.3581537902355194;Set_$DefaultGlobal;189400
..\..\..\..\azeroth\duskwood\passivedoodads\bush\duskwoodbush03.obj;24.8284912109375;31.03782081604004;-1.452731728553772;0.9730859398841858;-0.011780038475990295;0.027702350169420242;0.2284678816795349;0.1403951495885849;Set_$DefaultGlobal;189397
..\..\..\..\azeroth\duskwood\passivedoodads\bush\duskwoodbush06.obj;23.1248779296875;16.53289222717285;-1.3644883632659912;0.7618120312690735;-0.02902151644229889;-0.016134466975927353;-0.6469466090202332;0.3001423478126526;Set_$DefaultGlobal;189400
..\..\..\..\azeroth\duskwood\passivedoodads\bush\duskwoodbush03.obj;23.46554946899414;17.23344612121582;-1.4258524179458618;0.9967501163482666;-0.0029045590199530125;0.02996251732110977;-0.07471902668476105;0.11765486747026443;Set_$DefaultGlobal;189397
..\..\..\..\azeroth\duskwood\passivedoodads\bush\duskwoodbush06.obj;20.85003089904785;13.108296394348145;-1.3644883632659912;0.6037291884422302;-0.03182573243975639;-0.009470609948039055;-0.796497642993927;0.3001422584056854;Set_$DefaultGlobal;189400
..\..\..\..\azeroth\duskwood\passivedoodads\bush\duskwoodbush03.obj;21.45484161376953;13.59922981262207;-1.4258524179458618;0.9569510817527771;0.003649369580671191;0.029880959540605545;-0.28868407011032104;0.11765486747026443;Set_$DefaultGlobal;189397
..\..\..\..\azeroth\duskwood\passivedoodads\bush\duskwoodbush06.obj;22.1646728515625;14.93328857421875;-1.3644883632659912;0.6037291884422302;-0.03182573243975639;-0.009470609948039055;-0.796497642993927;0.3001422584056854;Set_$DefaultGlobal;189400
..\..\..\..\azeroth\duskwood\passivedoodads\bush\duskwoodbush03.obj;22.76949119567871;15.42422866821289;-1.4258524179458618;0.9569510817527771;0.003649369580671191;0.029880959540605545;-0.28868407011032104;0.11765486747026443;Set_$DefaultGlobal;189397
..\..\..\..\azeroth\duskwood\passivedoodads\bush\duskwoodbush06.obj;17.52571678161621;11.471280097961426;-1.3644883632659912;0.9669050574302673;-0.003429472679272294;-0.033027373254299164;0.2529664635658264;0.3001422584056854;Set_$DefaultGlobal;189400
..\..\..\..\azeroth\duskwood\passivedoodads\bush\duskwoodbush03.obj;16.75089454650879;11.55180549621582;-1.4258524179458618;0.6329185962677002;-0.02620985172688961;0.01480652391910553;0.7736329436302185;0.11765487492084503;Set_$DefaultGlobal;189397
..\..\..\..\azeroth\duskwood\passivedoodads\bush\duskwoodbush06.obj;18.36703109741211;-4.038777828216553;-1.3644883632659912;0.9549505114555359;-0.0019855783320963383;-0.03314553573727608;0.29490160942077637;0.3001423180103302;Set_$DefaultGlobal;189400
..\..\..\..\azeroth\duskwood\passivedoodads\bush\duskwoodbush03.obj;17.58814239501953;-4.026089191436768;-1.4989759922027588;0.5985708236694336;-0.0268307663500309;0.013649174943566322;0.8005041480064392;0.11765488237142563;Set_$DefaultGlobal;189397
..\..\..\..\azeroth\duskwood\passivedoodads\bush\duskwoodbush02.obj;18.70358657836914;-5.108113765716553;-1.8501756191253662;0.5408949851989746;0.002033424563705921;0.014769921079277992;-0.8409580588340759;0.4401090741157532;Set_$DefaultGlobal;189396
..\..\..\..\azeroth\duskwood\passivedoodads\bush\duskwoodbush03.obj;20.79666519165039;-4.997151851654053;-1.4258524179458618;0.8496267795562744;0.011258772574365139;0.027918271720409393;-0.526524543762207;0.11765486001968384;Set_$DefaultGlobal;189397
..\..\..\..\azeroth\duskwood\passivedoodads\bush\duskwoodbush06.obj;20.02740478515625;-5.119913578033447;-1.3644883632659912;0.37700897455215454;-0.0331924669444561;-0.000910804548766464;-0.9256142377853394;0.3001422882080078;Set_$DefaultGlobal;189400
..\..\..\..\azeroth\duskwood\passivedoodads\bush\duskwoodbush03.obj;21.46685218811035;-4.622951984405518;-1.8217214345932007;-0.4186134934425354;-0.08926381915807724;0.05658816918730736;-0.9019936323165894;0.514315664768219;Set_$DefaultGlobal;189397
..\..\..\..\azeroth\duskwood\passivedoodads\bush\duskwoodbush06.obj;22.07843017578125;-4.196746826171875;-1.3644883632659912;0.37700897455215454;-0.0331924669444561;-0.000910804548766464;-0.9256142377853394;0.3001422882080078;Set_$DefaultGlobal;189400
..\..\..\..\azeroth\duskwood\passivedoodads\bush\duskwoodbush03.obj;22.84769058227539;-4.073991775512695;-1.4258524179458618;0.8496267795562744;0.011258772574365139;0.027918271720409393;-0.526524543762207;0.11765486001968384;Set_$DefaultGlobal;189397
..\..\..\..\azeroth\duskwood\passivedoodads\bush\duskwoodbush06.obj;23.70977783203125;-3.2915446758270264;-1.3873172998428345;0.5684117674827576;-0.03220853582024574;-0.00807337649166584;-0.8220738768577576;0.3001423180103302;Set_$DefaultGlobal;189400
..\..\..\..\azeroth\duskwood\passivedoodads\bush\duskwoodbush03.obj;24.35508918762207;-2.8551907539367676;-1.4966329336166382;0.943448007106781;0.0049492958933115005;0.029693331569433212;-0.33015093207359314;0.11765491217374802;Set_$DefaultGlobal;189397
..\..\..\..\azeroth\duskwood\passivedoodads\bush\duskwoodbush03.obj;22.88104248046875;24.17015266418457;-1.4858161211013794;0.05602224916219711;0.02932707406580448;0.006790602579712868;-0.9979755878448486;0.11765488237142563;Set_$DefaultGlobal;189397
..\..\..\..\azeroth\duskwood\passivedoodads\bush\duskwoodbush06.obj;23.0288028717041;24.93499755859375;-1.472201943397522;0.5419753789901733;0.019784504547715187;-0.026667268946766853;0.8397381901741028;0.3001423180103302;Set_$DefaultGlobal;189400
..\..\..\..\azeroth\duskwood\passivedoodads\bush\duskwoodbush06.obj;22.62710952758789;22.45836067199707;-1.451812744140625;-0.2220829576253891;-0.027712101116776466;0.01829233579337597;-0.9744622111320496;0.45404788851737976;Set_$DefaultGlobal;189400
..\..\..\..\azeroth\duskwood\passivedoodads\bush\duskwoodbush03.obj;22.81592559814453;21.92917251586914;-1.4858161211013794;0.05602224916219711;0.02932707406580448;0.006790602579712868;-0.9979755878448486;0.11765488237142563;Set_$DefaultGlobal;189397
..\..\..\..\azeroth\duskwood\passivedoodads\bush\duskwoodbush06.obj;22.89988136291504;19.82028579711914;-1.4244520664215088;-0.04949544370174408;-0.03046751581132412;0.013202273286879063;-0.9982222318649292;0.3001422584056854;Set_$DefaultGlobal;189400
..\..\..\..\azeroth\duskwood\passivedoodads\bush\duskwoodbush03.obj;23.21507453918457;19.28030014038086;-1.4858161211013794;0.09950008988380432;0.029002949595451355;0.00806337408721447;-0.9945821166038513;0.11765488982200623;Set_$DefaultGlobal;189397
..\..\..\..\azeroth\duskwood\passivedoodads\bush\duskwoodbush03.obj;22.92241096496582;20.42244529724121;-1.4858161211013794;0.18580502271652222;0.028189821168780327;0.010560459457337856;-0.9821254014968872;0.11765488237142563;Set_$DefaultGlobal;189397
..\..\..\..\azeroth\duskwood\passivedoodads\bush\duskwoodbush06.obj;33.55657958984375;-6.550387859344482;-1.4716254472732544;0.12459594756364822;-0.032297197729349136;0.007711074315011501;-0.9916517734527588;0.300142377614975;Set_$DefaultGlobal;189400
..\..\..\..\azeroth\duskwood\passivedoodads\bush\duskwoodbush03.obj;33.37179946899414;-5.976840496063232;-1.5329911708831787;0.35352644324302673;0.025927746668457985;0.015295138582587242;-0.9349400401115417;0.11765488237142563;Set_$DefaultGlobal;189397
..\..\..\..\azeroth\duskwood\passivedoodads\bush\duskwoodbush03.obj;34.24481201171875;-7.13084602355957;-1.5329911708831787;0.9494707584381104;-0.014149623923003674;0.026570243760943413;0.3124084770679474;0.11765488237142563;Set_$DefaultGlobal;189397
..\..\..\..\azeroth\duskwood\passivedoodads\bush\duskwoodbush06.obj;32.17496109008789;-3.916273355484009;-1.4716254472732544;0.21055012941360474;-0.0328463539481163;0.004866846837103367;-0.9770190119743347;0.3001422882080078;Set_$DefaultGlobal;189400
..\..\..\..\azeroth\duskwood\passivedoodads\bush\duskwoodbush03.obj;32.56284713745117;-4.294576168060303;-1.5329911708831787;0.14278841018676758;0.028623638674616814;0.009320789948105812;-0.9892953038215637;0.11765486747026443;Set_$DefaultGlobal;189397
..\..\..\..\azeroth\duskwood\passivedoodads\bush\duskwoodbush03.obj;34.40906524658203;-8.346208572387695;-1.5329911708831787;0.9990606904029846;-0.004208746366202831;0.02980731427669525;-0.031170234084129333;0.07631007581949234;Set_$DefaultGlobal;189397
..\..\..\..\azeroth\duskwood\passivedoodads\bush\duskwoodbush02.obj;41.40117263793945;-18.437904357910156;-1.8988274335861206;0.8285447359085083;-0.04566844925284386;0.014858851209282875;-0.557859480381012;0.7697045207023621;Set_$DefaultGlobal;189396
..\..\..\..\azeroth\duskwood\passivedoodads\bush\duskwoodbush06.obj;22.59995460510254;23.54695701599121;-1.4244520664215088;-0.3473758399486542;-0.02508738450706005;0.021752990782260895;-0.9371379017829895;0.3001423478126526;Set_$DefaultGlobal;189400
..\..\..\..\azeroth\duskwood\passivedoodads\bush\duskwoodbush03.obj;22.78927993774414;22.79132080078125;-1.4858161211013794;0.2706958055496216;0.02716214582324028;0.01297718659043312;-0.9621941447257996;0.11765488237142563;Set_$DefaultGlobal;189397
..\..\..\..\azeroth\duskwood\passivedoodads\bush\duskwoodbush06.obj;27.8049259185791;5.999508380889893;-1.3653022050857544;-0.3473757207393646;-0.025087377056479454;0.02175300009548664;-0.9371379613876343;0.25148075819015503;Set_$DefaultGlobal;189400
..\..\..\..\azeroth\duskwood\passivedoodads\bush\duskwoodbush06.obj;31.4703369140625;4.60211181640625;-1.4366658926010132;0.3362753093242645;-0.03320060670375824;0.0005379007779993117;-0.9411781430244446;0.2514807879924774;Set_$DefaultGlobal;189400
..\..\..\..\azeroth\duskwood\passivedoodads\bush\duskwoodbush06.obj;28.65325355529785;9.660539627075195;-1.3111809492111206;0.7328675985336304;-0.029697662219405174;-0.014853203669190407;-0.6795605421066284;0.2514808177947998;Set_$DefaultGlobal;189400
..\..\..\..\azeroth\duskwood\passivedoodads\bush\duskwoodbush02.obj;28.0928897857666;8.134307861328125;-1.8568437099456787;-0.16935336589813232;0.01147758774459362;0.009515765123069286;-0.9854426383972168;0.368755042552948;Set_$DefaultGlobal;189396
..\..\..\..\azeroth\duskwood\passivedoodads\bush\duskwoodbush03.obj;29.45254135131836;10.454447746276855;-1.5401899814605713;0.5265243649482727;-0.027918266132473946;0.011258780024945736;0.8496269583702087;0.09857969731092453;Set_$DefaultGlobal;189397
..\..\..\..\azeroth\duskwood\passivedoodads\bush\duskwoodbush03.obj;28.24049186706543;6.408077716827393;-1.4534013271331787;0.4725361466407776;0.02370951697230339;0.01854853518307209;-0.8807970285415649;0.09857969731092453;Set_$DefaultGlobal;189397
..\..\..\..\azeroth\duskwood\passivedoodads\bush\duskwoodbush03.obj;27.12591552734375;8.268961906433105;-1.4959055185317993;0.01243793684989214;0.02959536202251911;0.0055049117654562;-0.9994694590568542;0.09857966750860214;Set_$DefaultGlobal;189397
..\..\..\..\azeroth\duskwood\passivedoodads\bush\duskwoodbush06.obj;33.93107986450195;7.25970458984375;-1.23431396484375;0.7893064618110657;-0.028290102258324623;-0.017384996637701988;-0.6131010055541992;0.18131272494792938;Set_$DefaultGlobal;189400
..\..\..\..\azeroth\duskwood\passivedoodads\bush\duskwoodbush06.obj;32.63946533203125;3.864088296890259;-1.5702226161956787;0.9032960534095764;-0.02385673113167286;-0.023096026852726936;-0.427730917930603;0.18131272494792938;Set_$DefaultGlobal;189400
..\..\..\..\azeroth\duskwood\passivedoodads\bush\duskwoodbush06.obj;32.74168014526367;9.561771392822266;-1.4016350507736206;-0.09299003332853317;-0.029862618073821068;0.014518673531711102;-0.9951132535934448;0.1813127100467682;Set_$DefaultGlobal;189400
..\..\..\..\azeroth\duskwood\passivedoodads\bush\duskwoodbush03.obj;32.82802963256836;4.291704177856445;-1.4705301523208618;0.9821254014968872;-0.010560467839241028;0.028189823031425476;0.18580497801303864;0.07107403874397278;Set_$DefaultGlobal;189397
..\..\..\..\azeroth\duskwood\passivedoodads\bush\duskwoodbush03.obj;34.63935852050781;7.50755500793457;-1.5143686532974243;0.9990606904029846;-0.004208746366202831;0.029807323589920998;-0.031170226633548737;0.07107403874397278;Set_$DefaultGlobal;189397
..\..\..\..\azeroth\duskwood\passivedoodads\bush\duskwoodbush03.obj;32.37334442138672;9.771206855773926;-1.6778446435928345;0.8135267496109009;0.049010664224624634;-0.09363873302936554;0.5718426704406738;0.310692697763443;Set_$DefaultGlobal;189397
..\..\..\..\azeroth\duskwood\passivedoodads\bush\duskwoodbush06.obj;34.43654251098633;7.630777835845947;-1.6322869062423706;0.3362753093242645;-0.03320060670375824;0.0005379007779993117;-0.9411781430244446;0.2514807879924774;Set_$DefaultGlobal;189400
..\..\..\..\azeroth\duskwood\passivedoodads\bush\duskwoodbush06.obj;27.09424591064453;8.029948234558105;-1.4753774404525757;0.41702479124069214;-0.03312113881111145;-0.0023577732499688864;-0.9082883596420288;0.2514808177947998;Set_$DefaultGlobal;189400
..\..\..\..\azeroth\duskwood\passivedoodads\bush\duskwoodbush06.obj;27.54859733581543;8.62445068359375;-1.6633927822113037;0.8625795245170593;-0.025778887793421745;-0.020928874611854553;-0.5048306584358215;0.25148072838783264;Set_$DefaultGlobal;189400
..\..\..\..\azeroth\duskwood\passivedoodads\bush\duskwoodbush06.obj;43.32008743286133;-0.2603420615196228;-1.6322869062423706;-0.4667249917984009;-0.02203342504799366;0.02484145760536194;-0.8837789297103882;0.2514808475971222;Set_$DefaultGlobal;189400
..\..\..\..\azeroth\duskwood\passivedoodads\bush\duskwoodbush06.obj;43.02251052856445;-0.02817789651453495;-1.23431396484375;0.08122216910123825;-0.03193008527159691;0.009112510830163956;-0.9961427450180054;0.18131273984909058;Set_$DefaultGlobal;189400
..\..\..\..\azeroth\duskwood\passivedoodads\bush\duskwoodbush03.obj;42.02553939819336;2.868628740310669;-1.271384358406067;0.9994694590568542;-0.005504920147359371;0.02959536761045456;0.012437939643859863;0.07107403129339218;Set_$DefaultGlobal;189397
..\..\..\..\azeroth\duskwood\passivedoodads\bush\duskwoodbush06.obj;42.21420669555664;3.4942965507507324;-1.6209157705307007;0.9513983130455017;-0.020637990906834602;-0.026012346148490906;-0.3061678111553192;0.18131278455257416;Set_$DefaultGlobal;189400
..\..\..\..\azeroth\duskwood\passivedoodads\bush\duskwoodbush02.obj;42.32086181640625;0.9037543535232544;-1.8521695137023926;0.2629797160625458;0.006380689330399036;0.013474847190082073;-0.9646861553192139;0.2658652067184448;Set_$DefaultGlobal;189396
..\..\..\..\azeroth\duskwood\passivedoodads\bush\duskwoodbush03.obj;44.24774169921875;3.5609130859375;-1.76176118850708;0.8376958966255188;0.044879525899887085;-0.0956873744726181;0.5358127951622009;0.2511324882507324;Set_$DefaultGlobal;189397
..\..\..\..\azeroth\duskwood\passivedoodads\bush\duskwoodbush06.obj;44.96368408203125;2.6419339179992676;-1.4649759531021118;0.33627527952194214;-0.03320060670375824;0.0005378997884690762;-0.9411781430244446;0.1465548425912857;Set_$DefaultGlobal;189400
..\..\..\..\azeroth\duskwood\passivedoodads\bush\duskwoodbush03.obj;45.15740966796875;2.2922635078430176;-1.4747297763824463;0.2706958055496216;0.02716214582324028;0.012977184727787971;-0.9621941447257996;0.05744904652237892;Set_$DefaultGlobal;189397
..\..\..\..\azeroth\duskwood\passivedoodads\bush\duskwoodbush06.obj;44.42232894897461;3.3653292655944824;-1.3918473720550537;-0.347375750541687;-0.025087380781769753;0.02175298146903515;-0.9371379613876343;0.14655481278896332;Set_$DefaultGlobal;189400
..\..\..\..\azeroth\duskwood\passivedoodads\bush\duskwoodbush06.obj;43.20812225341797;3.6850788593292236;-1.4233872890472412;-0.347375750541687;-0.025087380781769753;0.02175298146903515;-0.9371379613876343;0.14655481278896332;Set_$DefaultGlobal;189400
..\..\..\..\azeroth\duskwood\passivedoodads\bush\duskwoodbush06.obj;45.35692596435547;1.8176337480545044;-1.4649759531021118;0.12459597736597061;-0.032297197729349136;0.0077110761776566505;-0.9916517734527588;0.1465548425912857;Set_$DefaultGlobal;189400
..\..\..\..\azeroth\duskwood\passivedoodads\bush\duskwoodbush06.obj;32.78660202026367;-5.265231609344482;-1.6942596435546875;0.12459588795900345;-0.03229720517992973;0.007711075246334076;-0.9916517734527588;0.6776463389396667;Set_$DefaultGlobal;189400
..\..\..\..\azeroth\duskwood\passivedoodads\bush\duskwoodbush06.obj;31.58277130126953;-13.873555183410645;-1.3644883632659912;0.7328675389289856;-0.029697667807340622;-0.01485320646315813;-0.6795605421066284;0.3001423180103302;Set_$DefaultGlobal;189400
..\..\..\..\azeroth\duskwood\passivedoodads\bush\duskwoodbush06.obj;30.83933448791504;-19.89041519165039;-1.3644883632659912;-0.09299024939537048;-0.02986263483762741;0.014518685638904572;-0.9951131939888;0.3001423180103302;Set_$DefaultGlobal;189400
..\..\..\..\azeroth\duskwood\passivedoodads\bush\duskwoodbush03.obj;31.0097599029541;-18.572572708129883;-1.4258524179458618;0.09949997067451477;0.0290029589086771;0.00806337222456932;-0.9945821166038513;0.11765486001968384;Set_$DefaultGlobal;189397
..\..\..\..\azeroth\duskwood\passivedoodads\bush\duskwoodbush03.obj;30.95197296142578;-16.02962875366211;-1.4258524179458618;-0.031170256435871124;0.0298073161393404;0.004208743572235107;-0.9990606904029846;0.11765486001968384;Set_$DefaultGlobal;189397
..\..\..\..\azeroth\duskwood\passivedoodads\bush\duskwoodbush06.obj;30.72943115234375;-15.5776948928833;-1.3644883632659912;0.5048307180404663;0.020928891375660896;-0.025778906419873238;0.8625794649124146;0.300142377614975;Set_$DefaultGlobal;189400
..\..\..\..\azeroth\duskwood\passivedoodads\bush\duskwoodbush03.obj;31.28181266784668;-20.19757843017578;-1.4258524179458618;0.5105062127113342;0.022877877578139305;0.019565081223845482;-0.8593469262123108;0.11765488237142563;Set_$DefaultGlobal;189397
..\..\..\..\azeroth\duskwood\passivedoodads\bush\duskwoodbush06.obj;31.09029769897461;-17.797754287719727;-1.3644883632659912;0.5048307180404663;0.020928891375660896;-0.025778906419873238;0.8625794649124146;0.300142377614975;Set_$DefaultGlobal;189400
..\..\..\..\azeroth\duskwood\passivedoodads\bush\duskwoodbush03.obj;32.32138442993164;-13.36711597442627;-1.6122708320617676;0.9784700870513916;0.0010311848018318415;0.030085314065217972;-0.2041817605495453;0.14952759444713593;Set_$DefaultGlobal;189397
..\..\..\..\azeroth\duskwood\passivedoodads\bush\duskwoodbush03.obj;30.22269630432129;-16.884286880493164;-1.8217214345932007;0.9478306770324707;0.018584581092000008;-0.10404256731271744;0.3007436990737915;0.5143159627914429;Set_$DefaultGlobal;189397
..\..\..\..\azeroth\duskwood\passivedoodads\bush\duskwoodbush02.obj;30.68718147277832;-14.386884689331055;-1.8501756191253662;-0.33790087699890137;0.012955620884895325;0.007378139067441225;-0.9410635828971863;0.44010913372039795;Set_$DefaultGlobal;189396
..\..\..\..\azeroth\duskwood\passivedoodads\bush\duskwoodbush06.obj;35.46074295043945;-21.477895736694336;-1.4758284091949463;0.9916517734527588;-0.007711074315011501;-0.032297197729349136;0.12459603697061539;0.3001423180103302;Set_$DefaultGlobal;189400
..\..\..\..\azeroth\duskwood\passivedoodads\bush\duskwoodbush06.obj;33.42071533203125;-21.039058685302734;-1.4758284091949463;0.846085250377655;0.006660772953182459;-0.0325300432741642;0.532012403011322;0.3001423180103302;Set_$DefaultGlobal;189400
..\..\..\..\azeroth\duskwood\passivedoodads\bush\duskwoodbush03.obj;34.34035873413086;-21.44963264465332;-1.9034186601638794;0.7629137635231018;-0.07776310294866562;-0.07157611846923828;-0.6378027200698853;0.5143159031867981;Set_$DefaultGlobal;189397
..\..\..\..\azeroth\duskwood\passivedoodads\bush\duskwoodbush03.obj;16.50003433227539;10.58560562133789;-1.5143686532974243;0.9925422668457031;-0.001594847533851862;0.030060704797506332;-0.11812540143728256;0.07107405364513397;Set_$DefaultGlobal;189397
..\..\..\..\azeroth\duskwood\passivedoodads\bush\duskwoodbush02.obj;15.401469230651855;9.76511001586914;-1.797924518585205;0.888907790184021;-0.005623966455459595;0.013807816430926323;-0.457843542098999;0.2658652365207672;Set_$DefaultGlobal;189396
..\..\..\..\azeroth\duskwood\passivedoodads\bush\duskwoodbush03.obj;14.72108268737793;8.618473052978516;-1.5175797939300537;-0.07471894472837448;0.029962534084916115;0.002904563909396529;-0.9967501163482666;0.07107406109571457;Set_$DefaultGlobal;189397
..\..\..\..\azeroth\duskwood\passivedoodads\bush\duskwoodbush03.obj;23.57918357849121;27.88687515258789;-1.3350846767425537;0.09950000047683716;0.029002970084547997;0.008063371293246746;-0.9945821166038513;0.07107404619455338;Set_$DefaultGlobal;189397
..\..\..\..\azeroth\duskwood\passivedoodads\bush\duskwoodbush06.obj;14.86199951171875;9.04734992980957;-1.48051118850708;0.6469464898109436;0.016134466975927353;-0.02902151830494404;0.7618120908737183;0.18131275475025177;Set_$DefaultGlobal;189400
..\..\..\..\azeroth\duskwood\passivedoodads\bush\duskwoodbush06.obj;16.32171058654785;10.742167472839355;-1.6322869062423706;0.2529664933681488;-0.03302737697958946;0.0034294736105948687;-0.9669050574302673;0.2514808177947998;Set_$DefaultGlobal;189400
..\..\..\..\azeroth\duskwood\passivedoodads\bush\duskwoodbush06.obj;15.759488105773926;10.464508056640625;-1.23431396484375;0.7328675985336304;-0.029697656631469727;-0.014853202737867832;-0.6795605421066284;0.1813127100467682;Set_$DefaultGlobal;189400
..\..\..\..\azeroth\duskwood\passivedoodads\bush\duskwoodbush06.obj;23.51938247680664;27.46543312072754;-1.367728352546692;0.9210936427116394;-0.022826585918664932;-0.02411464974284172;-0.38792261481285095;0.1813127100467682;Set_$DefaultGlobal;189400
..\..\..\..\azeroth\duskwood\passivedoodads\bush\duskwoodbush03.obj;22.25034523010254;33.39662170410156;-1.4165208339691162;0.39397144317626953;0.02523590810596943;0.016411535441875458;-0.9186295866966248;0.08087775111198425;Set_$DefaultGlobal;189397
..\..\..\..\azeroth\duskwood\passivedoodads\bush\duskwoodbush06.obj;20.91166114807129;34.97249984741211;-1.3054758310317993;-0.2220829278230667;-0.02771209366619587;0.018292328342795372;-0.9744622111320496;0.20632237195968628;Set_$DefaultGlobal;189400
..\..\..\..\azeroth\duskwood\passivedoodads\bush\duskwoodbush03.obj;23.39204978942871;32.70943832397461;-1.4165208339691162;0.5834606289863586;0.021085616201162338;0.02148457057774067;-0.8115833401679993;0.08087773621082306;Set_$DefaultGlobal;189397
..\..\..\..\azeroth\duskwood\passivedoodads\bush\duskwoodbush03.obj;21.17181396484375;34.50444793701172;-1.4137132167816162;0.39397144317626953;0.02523590810596943;0.016411535441875458;-0.9186295866966248;0.08087775111198425;Set_$DefaultGlobal;189397
..\..\..\..\azeroth\duskwood\passivedoodads\bush\duskwoodbush02.obj;20.4891357421875;36.01763916015625;-1.600253701210022;-0.03927848860621452;0.01013733446598053;0.01093248464167118;-0.9991170763969421;0.3025376498699188;Set_$DefaultGlobal;189396
..\..\..\..\azeroth\duskwood\passivedoodads\bush\duskwoodbush06.obj;21.99019432067871;33.86467361450195;-1.3743184804916382;-0.2220829278230667;-0.02771209366619587;0.018292328342795372;-0.9744622111320496;0.20632237195968628;Set_$DefaultGlobal;189400
..\..\..\..\azeroth\duskwood\passivedoodads\bush\duskwoodbush06.obj;22.95846176147461;33.02369689941406;-1.374337077140808;-0.005906349513679743;-0.03101438470184803;0.011860732920467854;-0.9994311332702637;0.20632238686084747;Set_$DefaultGlobal;189400
..\..\..\..\azeroth\duskwood\passivedoodads\bush\duskwoodbush03.obj;22.00653839111328;34.48648452758789;-1.5806952714920044;0.8602703809738159;0.040662989020347595;-0.09755391627550125;0.4987630248069763;0.3535485565662384;Set_$DefaultGlobal;189397
..\..\..\..\azeroth\duskwood\passivedoodads\bush\duskwoodbush06.obj;20.20025634765625;37.41835403442383;-1.2663862705230713;0.8152982592582703;-0.02750486508011818;-0.018602468073368073;-0.5780883431434631;0.20632237195968628;Set_$DefaultGlobal;189400
..\..\..\..\azeroth\duskwood\passivedoodads\bush\duskwoodbush03.obj;20.34726333618164;37.93327713012695;-1.4318643808364868;0.9994694590568542;-0.00550490990281105;0.029595354571938515;0.012437943369150162;0.08087772876024246;Set_$DefaultGlobal;189397
..\..\..\..\azeroth\duskwood\passivedoodads\bush\duskwoodbush03.obj;22.54638671875;39.14049530029297;-1.5329911708831787;0.6519744396209717;0.01913287490606308;0.02324053645133972;-0.7576431035995483;0.11765487492084503;Set_$DefaultGlobal;189397
..\..\..\..\azeroth\duskwood\passivedoodads\bush\duskwoodbush03.obj;23.95693016052246;38.81764221191406;-1.5329911708831787;0.7853607535362244;-0.022383851930499077;0.02012839913368225;0.6183059811592102;0.11765489727258682;Set_$DefaultGlobal;189397
..\..\..\..\azeroth\duskwood\passivedoodads\bush\duskwoodbush06.obj;20.48237419128418;38.93022918701172;-1.4716254472732544;0.532012403011322;-0.0325300432741642;-0.006660775747150183;-0.8460851907730103;0.3001423478126526;Set_$DefaultGlobal;189400
..\..\..\..\azeroth\duskwood\passivedoodads\bush\duskwoodbush03.obj;20.84535789489746;39.90919494628906;-1.5329911708831787;0.4725361466407776;0.023709526285529137;0.01854853332042694;-0.8807970285415649;0.11765490472316742;Set_$DefaultGlobal;189397
..\..\..\..\azeroth\duskwood\passivedoodads\bush\duskwoodbush06.obj;21.64069366455078;39.30945587158203;-1.6942596435546875;0.4562467932701111;-0.032986801117658615;-0.0038002445362508297;-0.8892335295677185;0.6776463389396667;Set_$DefaultGlobal;189400
..\..\..\..\azeroth\duskwood\passivedoodads\bush\duskwoodbush06.obj;23.19625473022461;39.22307586669922;-1.4716254472732544;0.5684118270874023;-0.03220853582024574;-0.008073369972407818;-0.8220738768577576;0.300142377614975;Set_$DefaultGlobal;189400
..\..\..\..\azeroth\duskwood\passivedoodads\bush\duskwoodbush03.obj;24.86397361755371;37.99219512939453;-1.5329911708831787;0.9494708180427551;-0.014149629510939121;0.026570234447717667;0.3124084174633026;0.07631007581949234;Set_$DefaultGlobal;189397
..\..\..\..\azeroth\duskwood\passivedoodads\bush\duskwoodbush06.obj;42.85837936401367;20.07185935974121;-1.4716254472732544;0.4562467634677887;-0.032986778765916824;-0.0038002498913556337;-0.8892335295677185;0.300142377614975;Set_$DefaultGlobal;189400
..\..\..\..\azeroth\duskwood\passivedoodads\bush\duskwoodbush06.obj;43.41435623168945;1.9566006660461426;-1.4286075830459595;-0.005906466860324144;-0.03101438283920288;0.011860731057822704;-0.9994311332702637;0.7765516638755798;Set_$DefaultGlobal;189400
..\..\..\..\azeroth\duskwood\passivedoodads\bush\duskwoodbush06.obj;25.7891788482666;-2.226203203201294;-1.779208779335022;0.5684117674827576;-0.03220853582024574;-0.00807337649166584;-0.8220738768577576;0.3001423180103302;Set_$DefaultGlobal;189400
..\..\..\..\azeroth\duskwood\passivedoodads\bush\duskwoodbush03.obj;32.76585006713867;-10.45712661743164;-1.6122708320617676;0.9784700870513916;0.0010311848018318415;0.030085314065217972;-0.2041817605495453;0.14952759444713593;Set_$DefaultGlobal;189397
..\..\..\..\azeroth\duskwood\passivedoodads\tombs\tombstonemonument02.obj;-30.718488693237305;-6.357625484466553;1.773337483406067;0.9947571158409119;0.04909905791282654;0.004422408994287252;-0.08959879726171494;1.7500003576278687;Set_$DefaultGlobal;189538
..\..\..\..\generic\undead\passivedoodads\furniture\lordaeron_bench_01.obj;-2.698076009750366;-5.90904426574707;-1.0491654872894287;0.6956641674041748;0.10627415031194687;0.10729014873504639;-0.7023147344589233;1.6334620714187622;Set_$DefaultGlobal;200652
..\..\..\..\generic\undead\passivedoodads\furniture\lordaeron_bench_02.obj;5.206865310668945;-4.92112922668457;-0.6043006181716919;0.7244977355003357;0.08845870941877365;-0.0828472226858139;0.6785383820533752;1.6278175115585327;Set_$DefaultGlobal;200653
..\..\..\..\generic\passivedoodads\lights\candle03.obj;-29.00187873840332;-40.39282989501953;1.5736083984375;0.9396926164627075;0;0;0.342020183801651;2.3814053535461426;Set_$DefaultGlobal;199808
..\..\..\..\generic\passivedoodads\lights\candle01.obj;-28.477243423461914;-41.01806640625;1.5736083984375;0.9396926164627075;0;0;0.342020183801651;2.3814053535461426;Set_$DefaultGlobal;199806
..\..\..\..\generic\passivedoodads\lights\candle02.obj;-27.28322410583496;-42.37535858154297;1.5736083984375;0.9396926164627075;0;0;0.342020183801651;2.3814053535461426;Set_$DefaultGlobal;199807
..\..\..\..\generic\passivedoodads\lights\candle03.obj;-25.312103271484375;-44.52183151245117;1.5736083984375;-0.4226180911064148;0;0;-0.9063078761100769;1.831523060798645;Set_$DefaultGlobal;199808
..\..\..\..\generic\passivedoodads\lights\candle01.obj;-24.144031524658203;-45.624271392822266;1.5736083984375;0.8191520571708679;0;0;0.5735763907432556;3.030735969543457;Set_$DefaultGlobal;199806
..\..\..\..\generic\passivedoodads\lights\candle01.obj;-39.54113006591797;-30.161977767944336;1.5736083984375;0.5735765099525452;0;0;-0.8191519975662231;2.1403121948242188;Set_$DefaultGlobal;199806
..\..\..\..\generic\passivedoodads\lights\candle03.obj;-38.37306213378906;-31.264421463012695;1.5736083984375;0.9063078165054321;0;0;-0.42261821031570435;1.8315229415893555;Set_$DefaultGlobal;199808
..\..\..\..\generic\passivedoodads\lights\candle02.obj;-34.64995193481445;-35.47599411010742;1.5736083984375;0.3420201241970062;0;0;-0.9396926164627075;2.3814053535461426;Set_$DefaultGlobal;199807
..\..\..\..\generic\passivedoodads\lights\candle01.obj;-33.52473831176758;-36.40084457397461;1.5736083984375;0.3420201241970062;0;0;-0.9396926164627075;3.5564496517181396;Set_$DefaultGlobal;199806
..\..\..\..\generic\passivedoodads\lights\candle03.obj;-37.74668502807617;-32.19496536254883;1.5736083984375;0.3420201241970062;0;0;-0.9396926164627075;2.3814053535461426;Set_$DefaultGlobal;199808
..\..\..\..\generic\passivedoodads\lights\candle01.obj;-14.504459381103516;-55.34489440917969;1.4806569814682007;0.34202009439468384;0;0;-0.9396926164627075;1.9792674779891968;Set_$DefaultGlobal;199806
..\..\..\..\generic\passivedoodads\lights\candle02.obj;-15.69847297668457;-53.98760986328125;1.4806569814682007;0.3420201241970062;0;0;-0.9396926164627075;2.9113268852233887;Set_$DefaultGlobal;199807
..\..\..\..\generic\passivedoodads\lights\candle03.obj;-13.97982120513916;-55.97013473510742;1.4806569814682007;0.34202009439468384;0;0;-0.9396926164627075;3.141727924346924;Set_$DefaultGlobal;199808
..\..\..\..\generic\passivedoodads\lights\candle01.obj;-50.47964096069336;-18.46617317199707;10.698138236999512;0.3420201241970062;0;0;-0.9396926164627075;3.5564496517181396;Set_$DefaultGlobal;199806
..\..\..\..\generic\passivedoodads\lights\candle02.obj;-40.921512603759766;-28.103626251220703;10.696516990661621;0.3420201241970062;0;0;-0.9396926164627075;2.3814053535461426;Set_$DefaultGlobal;199807
..\..\..\..\generic\passivedoodads\lights\candle03.obj;-17.57722282409668;-51.76933670043945;10.705904006958008;0.3420201241970062;0;0;-0.9396926164627075;4.084011554718018;Set_$DefaultGlobal;199808
..\..\..\..\generic\passivedoodads\lights\candle01.obj;-21.638322830200195;-47.37351608276367;10.635401725769043;0.8191520571708679;0;0;0.5735763907432556;3.030735969543457;Set_$DefaultGlobal;199806
..\..\..\..\generic\undead\passivedoodads\lordaeronbrazier\lordaeronbrazier01.obj;58.25082778930664;-2.11910343170166;11.438910484313965;0.6726190447807312;0;0;-0.7399889230728149;1.0000001192092896;Set_$DefaultGlobal;200655
..\..\..\..\generic\passivedoodads\lights\candle03.obj;58.19632339477539;-1.918548583984375;11.944904327392578;-0.08715561032295227;0;0;-0.9961947202682495;4.084010601043701;Set_$DefaultGlobal;199808
..\..\..\..\generic\passivedoodads\lights\candle01.obj;57.02743148803711;9.393120765686035;11.835219383239746;0.9238795042037964;0;0;0.38268354535102844;3.0307369232177734;Set_$DefaultGlobal;199806
..\..\..\..\generic\undead\passivedoodads\lordaeronbrazier\lordaeronbrazier01.obj;56.87064743041992;9.341742515563965;11.399724960327148;0.8168381452560425;0;0;-0.5768669247627258;1;Set_$DefaultGlobal;200655
..\..\..\..\generic\passivedoodads\lights\candle02.obj;40.10873031616211;31.04361915588379;11.931225776672363;0.3420201241970062;0;0;-0.9396926164627075;2.3814053535461426;Set_$DefaultGlobal;199807
..\..\..\..\generic\undead\passivedoodads\lordaeronbrazier\lordaeronbrazier01.obj;39.98516845703125;30.94729232788086;11.434622764587402;0.9223327040672302;0;0;-0.38639673590660095;1;Set_$DefaultGlobal;200655
..\..\..\..\generic\passivedoodads\lights\candle01.obj;29.25705337524414;42.04597473144531;11.942605018615723;0.3420201241970062;0;0;-0.9396926164627075;3.5564496517181396;Set_$DefaultGlobal;199806
..\..\..\..\generic\undead\passivedoodads\lordaeronbrazier\lordaeronbrazier01.obj;29.13007354736328;41.87373352050781;11.444378852844238;0.9223327040672302;0;0;-0.38639673590660095;1;Set_$DefaultGlobal;200655
..\..\..\..\generic\passivedoodads\lights\candle02.obj;54.26327133178711;-12.87951374053955;11.931225776672363;0.9659258127212524;0;0;-0.258819043636322;2.3814048767089844;Set_$DefaultGlobal;199807
..\..\..\..\generic\undead\passivedoodads\lordaeronbrazier\lordaeronbrazier01.obj;54.39605712890625;-12.962687492370605;11.434622764587402;0.8455459475517273;0;0;0.533902645111084;1;Set_$DefaultGlobal;200655
..\..\..\..\generic\passivedoodads\lights\candle03.obj;-5.274664878845215;-55.69609451293945;1.173709511756897;0.9396926164627075;0;0;-0.3420201241970062;3.1417288780212402;Set_$DefaultGlobal;199808
..\..\..\..\generic\passivedoodads\lights\candle01.obj;5.223178386688232;-55.45505142211914;1.1627044677734375;0.34202006459236145;0;0;-0.9396926760673523;2.7835426330566406;Set_$DefaultGlobal;199806
..\..\..\..\generic\passivedoodads\lights\candle02.obj;4.965155601501465;57.43901443481445;1.1284959316253662;0.9396926164627075;0;0;0.342020183801651;2.3814053535461426;Set_$DefaultGlobal;199807
..\..\..\..\generic\passivedoodads\lights\candle03.obj;-5.549967288970947;57.65027618408203;1.1643625497817993;0.30070608854293823;0;0;-0.9537168741226196;3.2799692153930664;Set_$DefaultGlobal;199808
..\..\..\..\generic\passivedoodads\lights\candle03.obj;17.86477279663086;52.66264724731445;11.944904327392578;0.3826836347579956;0;0;-0.9238794445991516;4.084011554718018;Set_$DefaultGlobal;199808
..\..\..\..\generic\undead\passivedoodads\lordaeronbrazier\lordaeronbrazier01.obj;18.06032943725586;52.59226608276367;11.438910484313965;0.9383092522621155;0;0;-0.3457973599433899;1.000000238418579;Set_$DefaultGlobal;200655
..\..\..\..\generic\passivedoodads\lights\candle03.obj;8.540860176086426;1.68231201171875;1.8357747793197632;0.34202009439468384;0;0;-0.9396926164627075;2.112419843673706;Set_$DefaultGlobal;199808
..\..\..\..\generic\passivedoodads\lights\candle02.obj;8.279873847961426;0.7259928584098816;1.8574676513671875;0.9961947202682495;0;0;-0.0871557742357254;3.2569284439086914;Set_$DefaultGlobal;199807
..\..\..\..\generic\passivedoodads\lights\candle03.obj;8.63262939453125;-0.4411519467830658;1.8536580801010132;0.7660444378852844;0;0;0.6427876949310303;2.504882335662842;Set_$DefaultGlobal;199808
..\..\..\..\generic\undead\passivedoodads\bell\lordaeron_bell_01.obj;-1.5423142910003662;80.35862731933594;34.26633834838867;-0.11753741651773453;0;0;-0.9930684566497803;1.3853915929794312;Set_$DefaultGlobal;200649
..\..\..\..\generic\passivedoodads\lights\torch.obj;-0.18668730556964874;-90.01211547851562;6.250324726104736;0.7124961018562317;0;0;0.701676070690155;2.8116607666015625;Set_$DefaultGlobal;199823
..\..\..\..\generic\passivedoodads\lights\torch.obj;5.0235066413879395;-70.30660247802734;5.3608903884887695;0.0005020410171709955;0.025600187480449677;0.0004698706034105271;-0.999671995639801;6.008195877075195;Set_$DefaultGlobal;199823
..\..\..\..\generic\undead\passivedoodads\statues\lordaeron_statue_02.obj;2.881697654724121;-91.35965728759766;-3.82492995262146;0.7071067094802856;0;0;0.7071068286895752;0.8685263991355896;Set_$DefaultGlobal;200755
..\..\..\..\generic\passivedoodads\lights\torch.obj;-5.174628734588623;-70.8172378540039;5.757030963897705;0.9972638487815857;0;0;-0.07392461597919464;6.008196830749512;Set_$DefaultGlobal;199823
..\..\..\..\generic\undead\passivedoodads\statues\lordaeron_statue_01.obj;-3.078216552734375;-91.06477355957031;-3.82492995262146;0.7071067094802856;0;0;0.70710688829422;0.8576728105545044;Set_$DefaultGlobal;200754
..\..\..\..\generic\undead\passivedoodads\signs\lordaeron_citybanner_01.obj;6.06984806060791;-78.1137466430664;-0.9224819540977478;0.9999129176139832;0;0;-0.013196712359786034;1.8063546419143677;Set_$DefaultGlobal;200673
..\..\..\..\generic\undead\passivedoodads\lordaeronbrazier\lordaeronbrazier01.obj;4.670148849487305;-85.2999496459961;-3.8998329639434814;0.9223327040672302;0;0;-0.38639670610427856;0.7808992266654968;Set_$DefaultGlobal;200655
..\..\..\..\generic\passivedoodads\lights\candle03.obj;-6.108166694641113;-82.0187759399414;-3.5757997035980225;-0.45531660318374634;0;0;-0.8903295993804932;2.6918716430664062;Set_$DefaultGlobal;199808
..\..\..\..\generic\passivedoodads\lights\candle03.obj;-7.53795862197876;-80.27559661865234;-1.2511037588119507;0.8343448042869568;0;0;-0.5512429475784302;2.91971492767334;Set_$DefaultGlobal;199808
..\..\..\..\generic\passivedoodads\lights\candle03.obj;-0.18316319584846497;-89.50096130371094;-2.678821086883545;-0.31302598118782043;0;0;-0.9497445821762085;2.3895912170410156;Set_$DefaultGlobal;199808
..\..\..\..\generic\undead\passivedoodads\lordaeronbrazier\lordaeronbrazier01.obj;-5.995881080627441;-82.19434356689453;-3.8998329639434814;0.9223327040672302;0;0;-0.38639670610427856;0.7750436663627625;Set_$DefaultGlobal;200655
..\..\..\..\expansion01\doodads\ghostlands\webs\ghostlandswebdangle_01.obj;-6.81309700012207;-78.44766998291016;0.4045850932598114;1;0;0;0;1.760494589805603;Set_$DefaultGlobal;192763
..\..\..\..\generic\undead\passivedoodads\lordaeronbrazier\lordaeronbrazier01.obj;-0.14850066602230072;-89.5941162109375;-2.9494264125823975;0.9999949336051941;0;0;0.0031810079235583544;0.6596407890319824;Set_$DefaultGlobal;200655
..\..\..\..\generic\passivedoodads\lights\candle03.obj;4.6714768409729;-85.28494262695312;-3.615522623062134;-0.45531660318374634;0;0;-0.8903295993804932;1.8852226734161377;Set_$DefaultGlobal;199808
..\..\..\..\generic\passivedoodads\lights\candle03.obj;-7.499186992645264;-77.0352783203125;-1.2045704126358032;0.0677158385515213;0;0;-0.9977046251296997;2.271256923675537;Set_$DefaultGlobal;199808
..\..\..\..\generic\passivedoodads\lights\candle03.obj;-4.58903694152832;-89.83869934082031;-3.5757997035980225;-0.45531660318374634;0;0;-0.8903295993804932;2.6918716430664062;Set_$DefaultGlobal;199808
..\..\..\..\generic\undead\passivedoodads\lordaeronbrazier\lordaeronbrazier01.obj;-4.47675085067749;-90.01426696777344;-3.8998329639434814;0.9223327040672302;0;0;-0.38639670610427856;0.7750436663627625;Set_$DefaultGlobal;200655
..\..\..\..\generic\passivedoodads\lights\candle03.obj;4.056090831756592;-89.87218475341797;-3.5757997035980225;0.30591487884521484;0;0;-0.9520588517189026;2.691871404647827;Set_$DefaultGlobal;199808
..\..\..\..\generic\undead\passivedoodads\lordaeronbrazier\lordaeronbrazier01.obj;4.232058525085449;-89.7605209350586;-3.8998329639434814;0.9260812401771545;0;0;0.3773241639137268;0.7750436067581177;Set_$DefaultGlobal;200655
..\..\..\..\generic\undead\passivedoodads\lordaeronbrazier\lordaeronbrazier01.obj;-1.7723795175552368;-88.7272720336914;-4.131051063537598;0.6723087430000305;0;0;-0.7402708530426025;0.7808992862701416;Set_$DefaultGlobal;200655
..\..\..\..\generic\passivedoodads\lights\candle03.obj;-7.451943397521973;-76.42452239990234;-1.2511037588119507;0.9999934434890747;0;0;-0.0036219872999936342;2.91971492767334;Set_$DefaultGlobal;199808
..\..\..\..\generic\undead\passivedoodads\bell\lordaeron_bell_01.obj;1.3706499338150024;-78.33515167236328;34.26633834838867;0.9930684566497803;0;0;-0.11753738671541214;1.385391354560852;Set_$DefaultGlobal;200649
..\..\..\..\generic\passivedoodads\lights\torch.obj;0.0012113783741369843;92.0345687866211;6.26094913482666;0.701676070690155;0;0;-0.7124961018562317;2.8116607666015625;Set_$DefaultGlobal;199823
..\..\..\..\generic\passivedoodads\lights\torch.obj;-5.208981037139893;72.32906341552734;5.371514797210693;0.9996720552444458;-0.00046987170935608447;0.025600187480449677;0.0005020850221626461;6.008195877075195;Set_$DefaultGlobal;199823
..\..\..\..\generic\passivedoodads\lights\torch.obj;4.989155292510986;72.8396987915039;5.767655372619629;-0.07392457127571106;0;0;-0.9972638487815857;6.008196830749512;Set_$DefaultGlobal;199823
..\..\..\..\generic\undead\passivedoodads\signs\lordaeron_citybanner_01.obj;-6.2553229331970215;80.1362075805664;-0.9118576049804688;-0.013196669518947601;0;0;-0.9999129176139832;1.8063546419143677;Set_$DefaultGlobal;200673
..\..\..\..\generic\undead\passivedoodads\lordaeronbrazier\lordaeronbrazier01.obj;-5.119059085845947;87.69123077392578;-3.8892085552215576;-0.3863966763019562;0;0;-0.9223327040672302;0.7808992266654968;Set_$DefaultGlobal;200655
..\..\..\..\generic\passivedoodads\lights\candle03.obj;5.922691345214844;84.0412368774414;-3.5651752948760986;0.8903295993804932;0;0;-0.45531654357910156;2.6918716430664062;Set_$DefaultGlobal;199808
..\..\..\..\generic\passivedoodads\lights\candle03.obj;7.352484703063965;82.29805755615234;-1.2404793500900269;0.5512428879737854;0;0;0.8343448042869568;2.91971492767334;Set_$DefaultGlobal;199808
..\..\..\..\generic\passivedoodads\lights\candle03.obj;-0.0023129780311137438;91.52342224121094;-2.6681969165802;0.9497445821762085;0;0;-0.31302595138549805;2.3895912170410156;Set_$DefaultGlobal;199808
..\..\..\..\generic\undead\passivedoodads\lordaeronbrazier\lordaeronbrazier01.obj;5.810405254364014;84.21680450439453;-3.8892085552215576;-0.3863966464996338;0;0;-0.9223327040672302;0.7750436663627625;Set_$DefaultGlobal;200655
..\..\..\..\expansion01\doodads\ghostlands\webs\ghostlandswebdangle_01.obj;6.627622127532959;80.47013092041016;0.41520944237709045;4.371138473402425e-8;0;0;-1;1.760494589805603;Set_$DefaultGlobal;192763
..\..\..\..\generic\undead\passivedoodads\lordaeronbrazier\lordaeronbrazier01.obj;-0.0369754359126091;91.6165771484375;-2.9388020038604736;0.003181051230058074;0;0;-0.9999949336051941;0.6596407890319824;Set_$DefaultGlobal;200655
..\..\..\..\generic\passivedoodads\lights\candle03.obj;-5.120387077331543;87.67622375488281;-3.60489821434021;0.8903296589851379;0;0;-0.4553165137767792;1.8852226734161377;Set_$DefaultGlobal;199808
..\..\..\..\generic\passivedoodads\lights\candle03.obj;7.368431091308594;78.656494140625;-1.1939460039138794;0.9977046251296997;0;0;0.06771587580442429;2.271256923675537;Set_$DefaultGlobal;199808
..\..\..\..\generic\passivedoodads\lights\candle03.obj;4.55804443359375;91.04557037353516;-3.5651752948760986;0.8903295993804932;0;0;-0.45531654357910156;2.6918716430664062;Set_$DefaultGlobal;199808
..\..\..\..\generic\undead\passivedoodads\lordaeronbrazier\lordaeronbrazier01.obj;4.44575834274292;91.22114562988281;-3.8892085552215576;-0.3863966464996338;0;0;-0.9223327040672302;0.7750436663627625;Set_$DefaultGlobal;200655
..\..\..\..\generic\passivedoodads\lights\candle03.obj;-4.241567134857178;90.92938995361328;-3.5651752948760986;0.9520588517189026;0;0;0.3059149384498596;2.691871404647827;Set_$DefaultGlobal;199808
..\..\..\..\generic\undead\passivedoodads\lordaeronbrazier\lordaeronbrazier01.obj;-4.417534828186035;90.8177261352539;-3.8892085552215576;0.37732425332069397;0;0;-0.9260812401771545;0.7750436067581177;Set_$DefaultGlobal;200655
..\..\..\..\generic\undead\passivedoodads\bell\lordaeron_bell_02.obj;-2.986752510070801;93.4760971069336;-1.2913436889648438;0.7162717580795288;0;0;-0.6978214979171753;0.9576680064201355;Set_$DefaultGlobal;200650
..\..\..\..\generic\undead\passivedoodads\bell\lordaeron_bell_02.obj;2.5916757583618164;93.30558013916016;-3.65826416015625;0.6387035846710205;-0.1901770979166031;0.040890831500291824;-0.7444584369659424;0.957667887210846;Set_$DefaultGlobal;200650
..\..\..\..\generic\undead\passivedoodads\lordaeronbrazier\lordaeronbrazier01.obj;-1.94940185546875;93.2844009399414;-3.8892085552215576;0.05309991538524628;0;0;-0.9985892176628113;0.7808992266654968;Set_$DefaultGlobal;200655
..\..\..\..\generic\passivedoodads\lights\candle03.obj;7.33487606048584;79.42634582519531;-1.2404793500900269;0.8750293254852295;0;0;-0.48406991362571716;2.919715166091919;Set_$DefaultGlobal;199808
..\..\..\..\generic\undead\passivedoodads\lordaeronbrazier\lordaeronbrazier01.obj;3.83955717086792;83.57853698730469;36.080928802490234;-0.26529037952423096;0.12350143492221832;0.08282923698425293;-0.9526320099830627;0.6787868142127991;Set_$DefaultGlobal;200655
..\..\..\..\generic\undead\passivedoodads\lordaeronbrazier\lordaeronbrazier01.obj;1.0032564401626587;75.71395111083984;36.080928802490234;0.31366902589797974;0.05593770369887352;0.13778340816497803;-0.93781578540802;0.6787868142127991;Set_$DefaultGlobal;200655